,Unnamed: 0,name,wins,losses,draws,average_weight,sex,division,Jab accuracy,Power punch accuracy,Total punch accuracy,Avg Jabs landed,Avg Power punches landed,Avg Total punches landed,% of Power punches landed against,% of Jabs landed against,% of Total punches landed against,Avg Jabs landed against,Avg Power punches landed against,Avg Total punches landed against
0,0,Nikita Ababiy,7.0,0.0,0.0,160.75,male,middle,14.29,40.91,34.48,1.0,9.0,10.0,10.34,12.5,10.81,1.0,3.0,4.0
1,1,Joey Abell,35.0,10.0,0.0,244.69,male,heavy,,,,0.0,0.0,0.0,,,,0.0,0.0,0.0
2,2,Berlin Abreu,14.0,3.0,0.0,,male,welter,9.72,24.7,18.26,24.0,81.0,105.0,25.74,12.81,17.88,47.0,61.0,108.0
3,3,Herbert Acevedo,16.0,2.0,1.0,138.97,male,super light,,,,0.0,0.0,0.0,,,,0.0,0.0,0.0
4,4,Richard Acevedo,5.0,0.0,1.0,152.79,male,super welter,8.62,40.0,32.51,2.5,37.0,39.5,26.73,16.67,23.78,7.0,27.0,34.0
5,5,Carlos Adames,18.0,0.0,0.0,149.82,male,super welter,20.63,39.85,34.34,24.5,117.75,142.25,28.85,10.43,21.74,20.0,88.0,108.0
6,6,Brandon Adams,21.0,3.0,0.0,,male,middle,20.88,47.26,39.92,17.0,99.86,116.86,32.1,12.93,24.39,13.43,49.57,63.0
7,7,Brandon Adams,4.0,9.0,1.0,149.18,male,super welter,20.88,47.26,39.92,17.0,99.86,116.86,32.1,12.93,24.39,13.43,49.57,63.0
8,8,Joseph Agbeko,36.0,5.0,0.0,,male,bantam,32.32,40.32,38.31,70.67,262.33,333.0,34.82,11.07,25.21,42.67,197.33,240.0
9,9,Efe Ajagba,11.0,0.0,0.0,237.23,male,heavy,21.46,28.01,24.64,32.25,39.5,71.75,31.58,12.0,25.11,6.75,36.0,42.75
10,10,Artur Akavov,20.0,3.0,0.0,159.97,male,middle,25.75,33.64,29.56,60.0,73.0,133.0,20.22,16.86,18.24,44.0,37.0,81.0
11,11,Murodjon Akhmadaliev,7.0,0.0,0.0,124.89,male,super bantam,19.88,38.69,31.72,25.5,84.25,109.75,21.85,11.71,17.87,13.5,39.0,52.5
12,12,Ali Akhmedov,16.0,0.0,0.0,,male,super middle,8.51,43.75,30.71,4.0,35.0,39.0,17.31,18.42,17.78,7.0,9.0,16.0
13,13,Immanuwel Aleem,18.0,1.0,2.0,162.21,male,middle,18.77,52.09,38.13,26.75,103.0,129.75,29.47,14.29,25.07,15.5,78.25,93.75
14,14,Devon Alexander,27.0,6.0,1.0,143.77,male,welter,15.01,36.83,26.64,43.67,122.47,166.13,28.65,18.0,24.66,34.27,90.87,125.13
15,15,Vaughn Alexander,15.0,3.0,0.0,160.15,male,super middle,15.38,45.3,39.1,6.0,67.5,73.5,33.33,12.84,21.87,21.5,44.0,65.5
16,16,Chris Algieri,24.0,3.0,0.0,,male,super light,14.33,43.76,28.79,58.0,171.1,229.1,31.8,15.07,24.92,35.2,106.4,141.6
17,17,Sadam Ali,27.0,3.0,0.0,,male,welter,13.87,36.0,25.44,27.7,78.7,106.4,27.93,16.74,23.07,28.4,61.7,90.1
18,18,Damon Allen,16.0,1.0,1.0,136.86,male,super light,10.13,45.91,32.55,14.0,106.5,120.5,32.16,20.74,28.82,22.5,84.5,107.0
19,19,Mike Alvarado,40.0,5.0,0.0,,male,super light,17.82,37.87,28.53,45.7,111.4,157.1,37.2,21.14,30.62,38.2,96.9,135.1
20,20,Demetrius Andrade,28.0,0.0,0.0,,male,middle,15.36,43.68,29.77,33.6,99.0,132.6,26.08,12.58,21.1,14.53,51.6,66.13
21,21,Rolanda Andrews,9.0,9.0,1.0,,female,feather,41.18,39.22,39.71,7.0,20.0,27.0,21.13,0.0,15.46,0.0,15.0,15.0
22,22,Alfredo Angulo,26.0,7.0,0.0,156.52,male,super middle,15.14,41.12,29.6,27.05,92.1,119.14,37.85,19.77,29.24,31.67,66.67,98.33
23,23,Kingdamon Antoine,9.0,0.0,0.0,130.47,male,feather,11.46,15.13,13.08,22.0,23.0,45.0,27.94,18.23,22.12,37.0,38.0,75.0
24,24,Efetobor Apochi,9.0,0.0,0.0,198.75,male,cruiser,20.0,51.5,41.91,17.5,103.0,120.5,44.2,17.24,30.48,20.0,49.5,69.5
25,25,Jose Arambula,13.0,1.0,1.0,136.43,male,welter,24.32,36.0,31.03,27.0,54.0,81.0,34.95,5.08,27.76,3.0,65.0,68.0
26,26,Jaime Arboleda,15.0,1.0,0.0,131.22,male,super feather,9.09,39.39,31.82,0.5,6.5,7.0,21.05,15.0,17.95,1.5,2.0,3.5
27,27,Joahnys Argilagos,3.0,0.0,0.0,116.33,male,super fly,,,,0.0,0.0,0.0,,,,0.0,0.0,0.0
28,28,Luis Arias,18.0,2.0,1.0,162.88,male,middle,16.81,46.99,36.69,19.5,105.25,124.75,30.64,20.13,27.7,15.0,58.75,73.75
29,29,Mike Arnaoutis,26.0,12.0,2.0,,male,welter,20.34,32.52,23.87,102.0,66.5,168.5,19.75,14.77,17.43,46.0,70.5,116.5
30,30,Chris Arreola,38.0,6.0,1.0,237.11,male,heavy,25.81,48.21,37.24,25.05,48.79,73.84,35.22,17.27,26.69,19.21,43.26,62.47
31,31,Ray Austin,29.0,10.0,4.0,,male,heavy,23.38,46.96,36.55,24.71,62.86,87.57,23.45,24.34,23.89,19.86,20.0,39.86
32,32,Manuel Avila,23.0,2.0,1.0,,male,feather,21.46,31.22,26.88,42.44,77.0,119.44,31.09,13.8,25.73,15.22,76.33,91.56
33,33,Elvin Ayala,29.0,13.0,1.0,,male,super welter,26.05,37.55,32.84,23.25,48.25,71.5,25.58,12.72,19.59,10.75,24.75,35.5
34,34,Andre Baker,10.0,53.0,3.0,,male,welter,3.57,15.93,8.09,3.5,9.0,12.5,26.95,7.47,17.51,9.0,34.5,43.5
35,35,Craig Baker,20.0,2.0,0.0,189.01,male,cruiser,21.47,38.64,28.64,39.5,51.0,90.5,33.33,12.5,20.0,21.0,31.5,52.5
36,36,Martin Bakole,15.0,1.0,0.0,253.23,male,heavy,30.72,34.02,32.23,106.0,99.0,205.0,40.0,11.62,19.16,53.0,66.0,119.0
37,37,Carlos Balderas,9.0,0.0,0.0,133.39,male,light,21.03,49.41,36.46,9.0,25.2,34.2,21.94,8.43,17.92,1.4,8.6,10.0
38,38,Jose Balderas,8.0,0.0,0.0,118.75,male,bantam,23.93,37.38,29.26,39.0,40.0,79.0,26.98,20.0,24.27,8.0,17.0,25.0
39,39,Demetrius Banks,10.0,9.0,1.0,199.14,male,cruiser,51.72,55.41,53.58,75.0,82.0,157.0,37.29,25.27,26.95,92.0,22.0,114.0
40,40,Ivan Baranchyk,20.0,1.0,0.0,,male,super light,25.93,44.85,37.37,32.91,87.09,120.0,34.34,19.72,27.43,27.27,52.91,80.18
41,41,Sullivan Barrera,22.0,3.0,0.0,180.55,male,light heavy,17.55,41.58,31.41,36.1,116.6,152.7,27.2,15.98,22.86,18.9,50.9,69.8
42,42,Brendan Barrett,7.0,3.0,2.0,,male,heavy,2.99,35.34,28.83,2.0,94.0,96.0,21.0,12.0,19.2,3.0,21.0,24.0
43,43,Mario Barrios,25.0,0.0,0.0,,male,super light,13.62,36.32,25.24,22.33,62.42,84.75,26.7,10.79,19.79,8.75,28.17,36.92
44,44,Ismael Barroso,21.0,3.0,2.0,135.41,male,super light,4.46,32.53,21.46,6.0,67.33,73.33,29.39,15.33,24.94,7.0,29.0,36.0
45,45,Leduan Barthelemy,15.0,0.0,1.0,125.73,male,super feather,8.95,34.76,23.25,12.8,61.8,74.6,30.94,12.04,24.61,16.2,82.8,99.0
46,46,Rances Barthelemy,27.0,1.0,1.0,,male,light,15.83,41.43,28.87,44.1,119.7,163.8,31.72,11.61,23.58,28.6,115.1,143.7
47,47,Constantin Bejenaru,14.0,0.0,0.0,209.83,male,cruiser,14.57,34.99,29.45,18.0,116.0,134.0,25.07,16.22,22.58,12.0,47.5,59.5
48,48,Lanell Bellows,19.0,5.0,3.0,169.06,male,super middle,17.24,28.89,24.32,5.0,13.0,18.0,44.44,14.86,28.47,11.0,28.0,39.0
49,49,Raymundo Beltran,36.0,9.0,1.0,,male,super light,21.48,42.08,35.88,32.89,149.44,182.33,33.36,15.98,25.91,37.67,104.89,142.56
50,50,David Benavidez,22.0,0.0,0.0,,male,super middle,25.47,44.51,37.36,35.1,102.1,137.2,33.19,16.21,24.67,31.1,63.3,94.4
51,51,Edgar Berlanga,12.0,0.0,0.0,161.92,male,middle,43.75,48.21,47.22,7.0,27.0,34.0,25.0,0.0,12.0,0.0,3.0,3.0
52,52,Sharif Bogere,32.0,2.0,0.0,136.66,male,light,26.75,39.85,34.01,52.8,97.8,150.6,34.91,20.64,29.33,24.6,64.8,89.4
53,53,Chordale Booker,15.0,0.0,0.0,155.0,male,super welter,13.65,51.86,33.22,38.5,153.5,192.0,22.77,10.23,17.14,22.0,60.0,82.0
54,54,Rydell Booker,26.0,2.0,0.0,,male,heavy,16.94,44.77,27.06,51.0,77.0,128.0,23.21,7.96,16.16,23.0,78.0,101.0
55,55,Darnell Boone,24.0,25.0,5.0,163.84,male,light heavy,17.56,29.65,24.42,23.0,51.0,74.0,40.56,31.68,36.59,64.0,101.0,165.0
56,56,Clarence Booth,17.0,4.0,0.0,144.26,male,welter,19.35,42.59,34.12,6.0,23.0,29.0,20.0,18.18,19.44,2.0,5.0,7.0
57,57,Gabriel Bracero,25.0,4.0,1.0,,male,super light,24.26,33.94,29.03,61.5,83.5,145.0,24.89,11.85,18.49,25.0,54.5,79.5
58,58,Rob Brant,25.0,2.0,0.0,159.48,male,middle,19.89,36.56,28.5,24.0,47.17,71.17,33.28,15.49,25.73,25.17,73.33,98.5
59,59,Dominic Breazeale,20.0,2.0,0.0,,male,heavy,17.47,38.2,28.68,22.36,57.55,79.91,39.33,24.09,32.85,24.64,54.45,79.09
60,60,Cobia Breedy,14.0,0.0,0.0,130.23,male,feather,25.6,31.0,29.29,32.0,84.0,116.0,21.74,1.25,17.13,1.0,60.0,61.0
61,61,Prenice Brewer,21.0,4.0,1.0,140.53,male,welter,33.09,40.55,38.14,46.0,118.0,164.0,39.1,15.38,32.96,18.0,131.0,149.0
62,62,Nick Brinson,19.0,5.0,2.0,163.4,male,middle,0.0,41.03,39.02,0.0,16.0,16.0,14.29,0.0,5.88,0.0,1.0,1.0
63,63,Adrien Broner,33.0,4.0,1.0,,male,welter,25.52,42.59,35.78,35.63,89.68,125.32,33.13,17.61,26.9,32.26,90.32,122.58
64,64,Burley Brooks,4.0,0.0,0.0,169.31,male,super middle,,,,0.0,0.0,0.0,,,,0.0,0.0,0.0
65,65,Alvin Brown,0.0,9.0,0.0,131.17,male,light,8.7,27.27,20.2,10.0,51.0,61.0,40.0,31.76,36.64,47.0,86.0,133.0
66,66,Jamison Brown,2.0,1.0,0.0,152.92,male,super welter,12.71,29.38,22.71,15.0,52.0,67.0,32.41,7.89,26.75,6.0,82.0,88.0
67,67,Vernon Brown,12.0,1.0,1.0,150.84,male,super welter,14.71,34.78,19.78,10.0,8.0,18.0,30.23,15.38,23.17,6.0,13.0,19.0
68,68,Lucas Browne,29.0,2.0,0.0,253.7,male,heavy,26.74,46.06,37.58,43.0,94.6,137.6,36.28,16.32,28.46,20.2,69.8,90.0
69,69,Marcus Browne,23.0,1.0,0.0,,male,light heavy,16.42,44.11,31.01,16.38,49.0,65.38,23.63,9.6,18.14,5.31,20.31,25.62
70,70,Stivens Bujaj,17.0,2.0,1.0,,male,cruiser,24.42,45.1,38.75,42.0,175.0,217.0,34.93,16.96,31.53,19.0,168.0,187.0
71,71,Radzhab Butaev,12.0,0.0,0.0,,male,welter,24.53,39.57,31.58,26.0,37.0,63.0,33.33,23.83,29.4,23.0,45.5,68.5
72,72,Rommel Caballero,5.0,0.0,0.0,131.8,male,light,5.71,40.0,25.88,0.5,5.0,5.5,29.73,26.67,28.85,1.0,2.75,3.75
73,73,Marvin Cabrera,10.0,1.0,0.0,155.02,male,super welter,14.34,32.76,27.89,9.75,62.0,71.75,30.56,12.05,26.81,10.0,100.0,110.0
74,74,Harold Calderon,21.0,0.0,0.0,148.29,male,welter,,,,0.0,0.0,0.0,,,,0.0,0.0,0.0
75,75,Alexis Camacho,22.0,6.0,0.0,,male,middle,17.26,23.4,20.36,53.0,73.0,126.0,24.21,7.02,19.3,8.0,69.0,77.0
76,76,Andrew Cancio,21.0,4.0,2.0,,male,super feather,19.79,41.46,34.66,32.5,148.75,181.25,27.97,18.4,25.28,25.25,98.25,123.5
77,77,Cesar Cantu,3.0,0.0,0.0,127.83,male,super feather,16.36,36.7,32.1,9.0,69.0,78.0,27.55,11.96,20.0,11.0,27.0,38.0
78,78,Keenan Carbajal,19.0,2.0,1.0,127.57,male,feather,17.78,29.73,23.17,8.0,11.0,19.0,15.49,16.67,15.73,3.0,11.0,14.0
79,79,Ramon Cardenas,17.0,1.0,0.0,124.49,male,feather,,,,0.0,0.0,0.0,,,,0.0,0.0,0.0
80,80,Justin Cardona,3.0,0.0,0.0,135.75,male,super light,40.0,50.0,47.92,4.0,19.0,23.0,25.0,0.0,9.09,0.0,2.0,2.0
81,81,Raul Casarez,22.0,10.0,0.0,156.58,male,super middle,19.19,47.75,39.9,27.0,177.0,204.0,44.73,18.72,37.86,22.33,148.67,171.0
82,82,Jairo Castaneda,10.0,2.0,0.0,144.73,male,welter,43.01,53.94,50.0,40.0,89.0,129.0,30.0,12.5,25.0,9.0,54.0,63.0
83,83,Brian Ceballo,11.0,0.0,0.0,147.2,male,welter,13.2,37.9,26.15,41.5,131.5,173.0,25.88,4.6,21.07,4.0,77.0,81.0
84,84,Cassius Chaney,17.0,0.0,0.0,,male,heavy,14.61,44.59,30.97,15.0,55.0,70.0,28.18,12.36,22.17,7.33,27.33,34.67
85,85,Jermall Charlo,29.0,0.0,0.0,,male,middle,28.57,44.84,36.04,43.76,58.29,102.06,29.28,13.91,22.2,14.71,36.24,50.94
86,86,Jermell Charlo,32.0,1.0,0.0,,male,super welter,21.11,43.01,30.13,44.11,62.94,107.06,27.95,14.98,22.16,20.33,47.17,67.5
87,87,Joaquin Chavez,9.0,19.0,4.0,139.95,male,welter,19.61,19.01,19.34,30.0,23.0,53.0,26.14,30.65,27.44,19.0,40.0,59.0
88,88,Charles Clark,2.0,5.0,1.0,124.69,male,super feather,12.18,27.27,20.41,19.0,51.0,70.0,38.74,38.24,38.58,52.0,117.0,169.0
89,89,Jamontay Clark,14.0,1.0,1.0,,male,super welter,12.45,37.55,27.11,23.5,99.5,123.0,26.91,13.75,22.96,12.75,58.25,71.0
90,90,Samuel Clarkson,22.0,5.0,0.0,172.31,male,cruiser,6.83,29.29,17.83,17.0,70.0,87.0,59.89,22.62,42.0,38.0,109.0,147.0
91,91,Joshua Clottey,40.0,5.0,0.0,,male,middle,16.98,39.06,32.76,23.83,137.17,161.0,31.72,12.65,25.48,19.67,101.5,121.17
92,92,Blair Cobbs,13.0,0.0,1.0,,male,welter,15.07,40.21,29.08,16.0,53.8,69.8,26.25,12.64,22.39,7.0,36.8,43.8
93,93,Razvan Cojanu,17.0,6.0,0.0,268.7,male,heavy,12.38,53.22,42.5,6.5,78.5,85.0,29.08,13.46,26.4,3.5,36.5,40.0
94,94,Chris Colbert,13.0,0.0,0.0,,male,light,19.03,40.34,32.51,17.75,64.75,82.5,25.3,13.85,21.58,11.25,42.75,54.0
95,95,Aaron Coley,16.0,2.0,1.0,157.63,male,middle,12.23,46.21,22.17,19.5,30.5,50.0,41.31,12.0,30.47,7.5,44.0,51.5
96,96,Alexei Collado,25.0,2.0,0.0,125.47,male,super bantam,14.24,33.9,25.31,32.25,99.0,131.25,35.18,8.51,21.34,19.5,74.75,94.25
97,97,Luis Collazo,39.0,8.0,0.0,148.83,male,welter,22.18,41.16,33.77,51.17,148.67,199.83,35.88,8.2,26.85,15.5,140.17,155.67
98,98,Kurtiss Colvin,15.0,3.0,0.0,,male,middle,50.0,41.56,44.25,18.0,32.0,50.0,12.99,16.67,14.16,6.0,10.0,16.0
99,99,Richard Commey,29.0,2.0,0.0,,male,light,9.32,33.75,25.81,9.67,72.67,82.33,40.82,12.05,30.9,12.33,79.33,91.67
100,100,Joshua Conley,16.0,3.0,1.0,157.43,male,super welter,4.17,27.27,19.12,1.0,12.0,13.0,20.0,0.0,9.52,0.0,2.0,2.0
101,101,Yasmany Consuegra,18.0,3.0,0.0,227.92,male,heavy,,,,0.0,0.0,0.0,,,,0.0,0.0,0.0
102,102,Charles Conwell,11.0,0.0,0.0,,male,super welter,17.36,46.58,37.55,25.0,150.0,175.0,20.42,8.0,16.49,14.0,77.0,91.0
103,103,Maricela Cornejo,13.0,4.0,0.0,,female,middle,19.63,45.41,31.51,21.25,42.0,63.25,25.66,9.69,19.77,7.0,31.75,38.75
104,104,Andres Cortes,12.0,0.0,0.0,132.17,male,light,16.13,36.28,26.66,25.0,61.5,86.5,32.69,15.1,23.66,29.0,59.5,88.5
105,105,Terence Crawford,35.0,0.0,0.0,,male,welter,20.11,43.58,31.12,41.18,78.88,120.06,29.51,18.3,24.27,29.18,53.71,82.88
106,106,Tyrone Crawley,7.0,1.0,1.0,139.65,male,super light,,,,0.0,0.0,0.0,,,,0.0,0.0,0.0
107,107,Francisco Cruz,5.0,1.0,1.0,139.25,male,super welter,33.33,69.23,48.39,6.0,9.0,15.0,16.67,19.05,18.52,4.0,1.0,5.0
108,108,Miguel Cruz,18.0,1.0,0.0,147.46,male,super welter,20.57,36.23,30.59,27.2,85.0,112.2,39.39,17.66,29.83,24.4,69.4,93.8
109,109,Pablo Cruz,18.0,2.0,0.0,125.74,male,super feather,5.39,27.98,16.37,11.0,54.0,65.0,17.57,3.45,8.95,8.0,26.0,34.0
110,110,Ronald Cruz,16.0,1.0,0.0,,male,super welter,12.39,35.89,24.33,34.67,103.83,138.5,36.65,14.25,29.18,25.67,131.83,157.5
111,111,Darryl Cunningham,42.0,9.0,0.0,166.02,male,middle,8.77,35.0,21.03,7.5,26.25,33.75,27.6,5.6,18.93,1.75,13.25,15.0
112,112,Karl Dargan,19.0,1.0,0.0,135.7,male,light,18.0,38.42,28.51,25.43,57.57,83.0,33.68,11.28,22.95,15.57,50.57,66.14
113,113,Gervonta Davis,22.0,0.0,0.0,,male,super feather,11.59,43.63,30.95,6.56,37.67,44.22,31.24,14.43,26.09,6.33,31.0,37.33
114,114,Kyrone Davis,14.0,2.0,0.0,158.56,male,middle,,,,0.0,0.0,0.0,,,,0.0,0.0,0.0
115,115,Michael Davis,2.0,35.0,0.0,204.98,male,heavy,6.06,37.31,18.67,6.0,25.0,31.0,48.79,40.35,46.97,23.0,101.0,124.0
116,116,Joey Dawejko,20.0,7.0,4.0,238.82,male,heavy,35.63,56.35,48.22,29.0,71.0,100.0,35.65,21.26,29.11,27.0,54.4,81.4
117,117,Chad Dawson,36.0,5.0,0.0,,male,light heavy,21.19,46.06,32.99,47.64,93.55,141.18,33.55,18.07,26.32,37.91,80.27,118.18
118,118,Ivan Delgado,13.0,3.0,2.0,134.61,male,light,14.85,46.26,36.19,7.5,49.5,57.0,33.69,14.85,27.48,8.5,39.25,47.75
119,119,Donovan Dennis,12.0,4.0,0.0,221.4,male,heavy,14.84,25.1,19.8,19.0,30.0,49.0,36.02,13.83,28.57,6.5,33.5,40.0
120,120,Sergiy Derevyanchenko,13.0,2.0,0.0,,male,middle,18.79,44.33,31.86,32.67,80.78,113.44,35.61,22.49,30.94,26.89,77.0,103.89
121,121,Joseph Diaz,30.0,1.0,0.0,124.48,male,super feather,14.26,42.67,34.56,19.78,148.17,167.94,33.56,11.39,26.58,14.28,91.5,105.78
122,122,Jorge Diaz,19.0,6.0,1.0,123.13,male,super bantam,,,,0.0,0.0,0.0,,,,0.0,0.0,0.0
123,123,Anthony Dirrell,33.0,2.0,1.0,,male,super middle,26.82,44.08,37.73,32.23,91.0,123.23,35.19,21.55,29.67,25.08,60.31,85.38
124,124,Domonique Dolton,22.0,3.0,1.0,152.78,male,welter,18.78,43.56,33.88,35.5,128.5,164.0,37.61,15.86,28.93,23.0,82.0,105.0
125,125,Nonito Donaire,40.0,5.0,0.0,,male,bantam,15.23,36.6,25.74,26.14,60.73,86.86,33.78,21.38,27.13,33.77,46.23,80.0
126,126,Omar Douglas,20.0,3.0,0.0,131.41,male,light,19.79,41.51,32.83,28.75,90.5,119.25,36.82,14.87,28.58,23.5,96.75,120.25
127,127,Johann Duhaupas,38.0,5.0,0.0,235.16,male,heavy,25.12,44.88,35.14,52.5,96.5,149.0,50.26,16.83,27.67,67.0,96.0,163.0
128,128,Austin Dulay,14.0,1.0,0.0,,male,light,0.0,8.7,5.71,0.0,1.0,1.0,58.06,3.23,30.65,1.0,18.0,19.0
129,129,Romero Duno,21.0,2.0,0.0,,male,light,8.08,35.85,25.31,16.0,116.0,132.0,35.95,10.73,27.55,19.4,130.2,149.6
130,130,Michael Dutchover,13.0,1.0,0.0,,male,light,8.07,39.74,25.42,8.67,51.67,60.33,44.9,27.79,34.64,34.0,36.67,70.67
131,131,Jahmal Dyer,9.0,2.0,0.0,133.89,male,super feather,21.29,37.5,28.84,43.0,66.0,109.0,38.92,18.3,25.58,56.0,65.0,121.0
132,132,John Edwards,0.0,3.0,0.0,,male,middle,16.67,39.13,31.43,4.0,18.0,22.0,54.21,28.26,46.41,13.0,58.0,71.0
133,133,Rickey Edwards,12.0,4.0,0.0,138.42,male,super light,9.38,27.6,17.09,16.0,34.5,50.5,32.83,15.42,23.29,18.5,32.5,51.0
134,134,Ahmed Elbiali,19.0,1.0,0.0,175.71,male,light heavy,9.11,44.67,32.53,6.44,61.0,67.44,30.06,26.32,28.85,14.44,34.67,49.11
135,135,Ronald Ellis,16.0,1.0,2.0,166.78,male,super middle,11.8,29.56,21.32,30.8,89.2,120.0,29.58,17.89,25.54,28.2,88.2,116.4
136,136,Wanzell Ellison,11.0,2.0,1.0,131.75,male,light,14.63,28.61,24.12,24.0,99.0,123.0,33.0,14.07,26.25,23.5,99.5,123.0
137,137,Kevin Engel,20.0,18.0,0.0,176.3,male,cruiser,12.5,36.07,25.47,17.0,60.0,77.0,33.24,16.96,25.76,16.33,37.67,54.0
138,138,Jaron Ennis,24.0,0.0,0.0,146.43,male,welter,11.06,34.82,25.74,5.75,29.25,35.0,33.45,14.1,29.28,2.75,23.75,26.5
139,139,Shohjahon Ergashev,17.0,0.0,0.0,144.21,male,super light,6.71,39.13,25.67,7.67,63.0,70.67,25.48,14.99,20.0,14.17,22.0,36.17
140,140,Antonio Escalante,29.0,10.0,0.0,125.74,male,super feather,11.93,51.42,38.92,6.5,60.5,67.0,31.42,10.81,22.39,7.33,27.33,34.67
141,141,Eduardo Escobedo,34.0,8.0,0.0,,male,super light,14.34,38.94,26.94,27.33,78.0,105.33,31.07,13.98,23.25,28.33,74.67,103.0
142,142,Francisco Esparza,10.0,1.0,1.0,127.33,male,feather,9.8,42.94,29.38,12.0,76.0,88.0,34.09,22.61,31.72,13.0,75.5,88.5
143,143,Marlen Esparza,7.0,1.0,0.0,,female,fly,9.63,43.28,34.03,8.8,104.4,113.2,29.09,6.12,20.19,6.8,51.2,58.0
144,144,Jonathan Esquivel,12.0,0.0,0.0,161.21,male,super middle,21.62,52.27,43.2,8.0,46.0,54.0,25.93,6.25,22.68,1.0,21.0,22.0
145,145,Seniesa Estrada,18.0,0.0,0.0,,female,fly,7.29,41.0,31.82,5.0,75.14,80.14,30.25,3.74,24.9,1.86,59.43,61.29
146,146,Bakhtiyar Eyubov,14.0,1.0,1.0,148.99,male,welter,19.21,42.27,40.73,3.78,116.11,119.89,39.81,28.9,37.1,21.0,87.67,108.67
147,147,Ike Ezeji,7.0,24.0,1.0,,male,super welter,12.69,29.95,21.09,25.0,56.0,81.0,60.57,39.78,50.0,72.0,106.0,178.0
148,148,Tevin Farmer,30.0,4.0,1.0,,male,super feather,14.22,35.41,29.61,23.0,152.2,175.2,32.43,12.83,26.97,18.7,122.4,141.1
149,149,Luis Feliciano,13.0,0.0,0.0,,male,super light,17.29,44.85,34.5,23.0,99.2,122.2,35.47,10.14,25.4,14.0,74.2,88.2
150,150,Wesley Ferrer,14.0,1.0,1.0,136.95,male,super light,11.65,43.3,28.71,18.33,79.67,98.0,28.84,13.21,24.3,12.33,65.67,78.0
151,151,Brandon Figueroa,20.0,0.0,0.0,,male,super bantam,14.32,35.18,31.33,12.08,130.92,143.0,41.08,10.97,33.07,14.38,148.54,162.92
152,152,Morgan Fitch,19.0,4.0,1.0,165.22,male,super middle,18.33,42.54,29.45,34.0,67.0,101.0,41.67,15.94,25.68,22.0,35.0,57.0
153,153,Antonio Flores,8.0,1.0,0.0,134.62,male,light,24.82,57.19,47.48,34.0,183.0,217.0,43.75,24.39,36.62,50.0,154.0,204.0
154,154,Eric Flores,9.0,0.0,0.0,138.58,male,super light,25.0,44.44,40.91,1.0,8.0,9.0,33.33,12.5,21.43,1.0,2.0,3.0
155,155,Miguel Flores,24.0,2.0,0.0,,male,super feather,17.15,44.51,34.33,32.0,140.2,172.2,42.1,20.16,32.53,44.6,120.4,165.0
156,156,Steve Forbes,36.0,14.0,0.0,,male,middle,17.24,22.38,20.62,25.0,62.0,87.0,24.16,15.46,21.86,15.0,65.0,80.0
157,157,Kevin Ford,4.0,0.0,0.0,125.81,male,super bantam,26.18,48.44,35.33,72.0,93.0,165.0,60.77,55.72,58.97,112.0,220.0,332.0
158,158,Raymond Ford,4.0,0.0,0.0,125.88,male,super feather,,,,0.0,0.0,0.0,,,,0.0,0.0,0.0
159,159,Jerry Forrest,26.0,3.0,0.0,230.36,male,heavy,10.53,32.83,24.7,16.0,87.0,103.0,29.24,9.7,22.87,13.0,81.0,94.0
160,160,Javier Fortuna,35.0,2.0,1.0,,male,light,14.73,35.21,27.65,22.43,91.57,114.0,31.05,13.02,25.44,15.07,79.43,94.5
161,161,Charles Foster,19.0,0.0,0.0,,male,light heavy,37.5,54.55,47.37,3.0,6.0,9.0,28.57,0.0,14.29,0.0,4.0,4.0
162,162,O'Shaquie Foster,16.0,2.0,0.0,,male,super feather,13.84,34.73,28.2,22.0,121.33,143.33,34.62,16.79,27.57,37.0,116.67,153.67
163,163,Alantez Fox,26.0,1.0,1.0,157.94,male,middle,23.79,54.51,39.1,69.0,157.0,226.0,25.35,9.86,22.28,7.0,73.0,80.0
164,164,Mykal Fox,21.0,1.0,0.0,140.74,male,welter,5.48,17.3,11.62,6.0,20.5,26.5,28.76,9.07,15.85,19.5,32.5,52.0
165,165,Joshua Franco,15.0,1.0,2.0,,male,bantam,19.92,35.23,29.29,32.25,89.88,122.12,30.32,11.5,25.01,12.38,83.0,95.38
166,166,Jermaine Franklin,20.0,0.0,0.0,238.52,male,heavy,23.14,39.9,31.56,33.5,58.25,91.75,30.77,14.51,23.47,25.75,67.0,92.75
167,167,Stacy Frazier,16.0,22.0,0.0,,male,heavy,28.57,45.45,37.21,6.0,10.0,16.0,,,,0.0,0.0,0.0
168,168,Sonny Fredrickson,21.0,1.0,0.0,,male,super light,14.15,31.52,24.24,29.33,90.67,120.0,35.42,17.57,29.26,21.67,83.0,104.67
169,169,Stephen Fulton,17.0,0.0,0.0,123.15,male,super bantam,3.31,37.44,23.36,2.0,32.2,34.2,36.26,9.68,26.58,4.8,31.4,36.2
170,170,Sebastian Fundora,13.0,0.0,1.0,,male,super welter,26.0,36.95,31.79,47.67,76.0,123.67,30.48,11.14,21.22,16.33,48.67,65.0
171,171,Juan Funez,11.0,1.0,1.0,129.48,male,light,18.75,32.6,28.18,24.0,89.0,113.0,22.14,14.08,20.51,10.0,62.0,72.0
172,172,Hughie Fury,23.0,3.0,0.0,237.33,male,heavy,16.75,31.46,21.33,33.0,28.0,61.0,29.35,9.84,18.22,12.0,27.0,39.0
173,173,Tyson Fury,29.0,0.0,1.0,234.49,male,heavy,17.5,39.44,28.34,28.54,62.77,91.31,39.09,19.77,29.45,27.92,55.38,83.31
174,174,Fazliddin Gaibnazarov,7.0,1.0,0.0,139.41,male,super light,7.32,26.05,21.25,3.0,31.0,34.0,30.77,11.43,24.78,8.0,48.0,56.0
175,175,Frank Galarza,20.0,3.0,2.0,,male,super welter,11.17,38.05,29.11,8.8,60.2,69.0,44.97,18.34,32.49,23.8,66.2,90.0
176,176,Nathaniel Gallimore,21.0,4.0,1.0,156.61,male,super welter,19.31,34.78,28.79,22.5,64.0,86.5,51.09,24.16,42.98,21.5,105.5,127.0
177,177,Yuriorkis Gamboa,30.0,2.0,0.0,129.51,male,light,12.08,34.32,25.54,14.88,64.83,79.71,31.39,11.85,23.16,13.92,50.62,64.54
178,178,Genaro Gamez,9.0,1.0,0.0,,male,super light,15.98,48.3,35.82,12.4,59.6,72.0,34.56,17.32,26.23,15.0,32.0,47.0
179,179,Danny Garcia,35.0,2.0,0.0,,male,welter,16.68,39.17,30.14,27.75,97.2,124.95,34.61,18.86,26.91,38.9,74.65,113.55
180,180,Danny Garcia,5.0,5.0,1.0,172.14,male,super middle,16.68,39.17,30.14,27.75,97.2,124.95,34.61,18.86,26.91,38.9,74.65,113.55
181,181,Jorge Garcia,5.0,17.0,1.0,,male,cruiser,21.9,47.15,40.86,23.0,149.0,172.0,48.78,26.32,37.31,45.0,80.0,125.0
182,182,Julio Garcia,3.0,3.0,0.0,116.88,male,super fly,18.75,41.49,30.96,39.0,100.0,139.0,24.9,10.97,21.44,8.67,59.67,68.33
183,183,Mikey Garcia,39.0,1.0,0.0,,male,welter,19.22,36.1,25.93,44.47,55.18,99.65,31.71,16.04,22.8,31.94,47.94,79.88
184,184,Roberto Garcia,42.0,4.0,0.0,152.05,male,middle,18.46,37.7,28.71,56.6,131.8,188.4,33.47,21.07,28.41,51.2,118.2,169.4
185,185,Ryan Garcia,19.0,0.0,0.0,,male,light,21.13,41.1,33.32,7.89,24.05,31.95,21.89,10.55,17.76,3.83,13.89,17.72
186,186,Sean Garcia,5.0,0.0,0.0,123.65,male,feather,10.0,34.38,29.75,3.0,44.0,47.0,19.23,2.82,12.57,2.0,20.0,22.0
187,187,Terrell Gausha,21.0,1.0,1.0,158.27,male,super welter,30.21,50.32,40.74,39.46,72.23,111.69,26.64,10.16,20.68,9.85,45.54,55.38
188,188,Ronald Gavril,19.0,3.0,0.0,167.07,male,super middle,20.2,29.85,24.41,39.6,45.2,84.8,39.45,32.19,35.85,39.4,49.0,88.4
189,189,Mercito Gesta,32.0,3.0,2.0,129.03,male,super light,13.95,31.81,24.77,30.11,105.33,135.44,32.59,18.08,28.49,25.67,117.56,143.22
190,190,Keandre Gibson,19.0,2.0,1.0,144.46,male,welter,24.05,52.55,39.91,31.6,86.6,118.2,32.87,11.72,27.06,9.0,66.6,75.6
191,191,Shakhram Giyasov,9.0,0.0,0.0,,male,super light,16.02,37.85,30.76,33.0,162.0,195.0,28.66,19.48,24.72,45.0,88.0,133.0
192,192,Brandon Glanton,11.0,0.0,0.0,197.16,male,cruiser,,,,0.0,0.0,0.0,,,,0.0,0.0,0.0
193,193,Ivan Golub,17.0,1.0,0.0,152.68,male,welter,22.78,35.63,30.11,12.83,26.67,39.5,34.64,15.77,25.33,13.67,30.83,44.5
194,194,Eddie Gomez,23.0,3.0,0.0,149.99,male,welter,27.87,37.57,33.73,47.38,97.5,144.88,34.8,19.7,27.9,32.88,69.0,101.88
195,195,Carlos Gongora,17.0,0.0,0.0,165.69,male,middle,0.0,57.14,33.33,0.0,4.0,4.0,50.0,33.33,40.0,1.0,1.0,2.0
196,196,Jesus Gonzales,6.0,3.0,0.0,139.39,male,super light,9.94,55.23,29.23,32.0,132.0,164.0,38.93,17.88,31.03,32.0,116.0,148.0
197,197,Christian Gonzalez,19.0,4.0,0.0,132.24,male,light,17.3,38.39,32.5,11.0,63.0,74.0,32.94,14.57,28.08,8.9,55.9,64.8
198,198,Daniel Gonzalez,18.0,2.0,1.0,,male,super light,15.85,29.98,25.43,32.5,129.5,162.0,34.62,15.34,27.47,27.0,103.5,130.5
199,199,Irvin Gonzalez,12.0,2.0,0.0,127.48,male,super feather,10.98,24.49,19.2,14.0,48.5,62.5,20.49,10.26,16.77,6.0,21.0,27.0
200,200,Joet Gonzalez,23.0,1.0,0.0,,male,feather,22.14,40.82,34.72,22.83,86.83,109.67,35.46,7.56,25.44,10.12,84.88,95.0
201,201,Jorge Gonzalez,7.0,2.0,0.0,136.42,male,super welter,54.1,51.49,52.91,99.0,78.0,177.0,38.08,36.74,37.47,39.5,49.5,89.0
202,202,Jose Gonzalez,13.0,0.0,2.0,125.05,male,feather,19.59,19.39,19.47,9.5,16.0,25.5,45.68,23.38,38.49,18.0,74.0,92.0
203,203,Jousce Gonzalez,10.0,0.0,1.0,131.25,male,super feather,21.52,36.86,33.43,5.67,33.67,39.33,43.31,16.84,31.98,10.67,36.67,47.33
204,204,Denis Grachev,19.0,9.0,1.0,,male,light heavy,32.58,36.81,34.19,86.0,60.0,146.0,23.74,8.76,17.75,29.0,118.0,147.0
205,205,Rafael Gramajo,11.0,2.0,2.0,123.48,male,super bantam,9.63,39.47,29.82,4.2,36.0,40.2,33.18,7.25,25.2,2.8,28.8,31.6
206,206,Adrian Granados,20.0,8.0,2.0,142.63,male,welter,23.7,49.35,43.53,32.0,227.0,259.0,48.72,14.58,41.98,7.0,95.0,102.0
207,207,Khiary Gray,16.0,5.0,0.0,156.18,male,super welter,25.58,38.89,32.99,11.0,21.0,32.0,39.68,32.08,36.21,17.0,25.0,42.0
208,208,Allan Green,33.0,6.0,0.0,171.83,male,cruiser,37.66,52.29,46.24,14.5,28.5,43.0,15.58,5.95,10.56,2.5,6.0,8.5
209,209,Raymond Guajardo,4.0,0.0,0.0,155.75,male,super welter,4.17,27.27,15.22,1.0,6.0,7.0,43.55,16.67,41.18,1.0,27.0,28.0
210,210,Gavino Guaman,5.0,4.0,0.0,129.11,male,feather,23.91,43.59,36.29,11.0,34.0,45.0,23.53,16.67,22.22,2.0,12.0,14.0
211,211,Robert Guerrero,36.0,6.0,1.0,,male,welter,16.85,42.84,31.96,32.59,114.94,147.53,34.09,11.28,26.67,17.71,111.06,128.76
212,212,Dominick Guinn,37.0,13.0,1.0,,male,heavy,23.03,47.4,34.75,52.67,100.33,153.0,38.35,19.44,30.62,27.67,79.0,106.67
213,213,Roger Gutierrez,9.0,5.0,2.0,129.51,male,super feather,22.44,40.59,35.85,35.0,179.0,214.0,31.22,10.43,20.62,24.0,69.0,93.0
214,214,Oleksandr Gvozdyk,17.0,1.0,0.0,,male,light heavy,16.34,29.68,23.8,17.4,40.1,57.5,37.17,16.94,26.77,28.8,59.7,88.5
215,215,Christian Hammer,24.0,6.0,0.0,250.56,male,heavy,9.68,24.28,15.27,13.5,21.0,34.5,28.95,13.75,19.17,42.5,49.5,92.0
216,216,Devin Haney,23.0,0.0,0.0,,male,light,27.47,39.2,33.91,47.0,81.88,128.88,25.76,14.94,21.06,24.12,54.25,78.38
217,217,Joe Hanks,23.0,3.0,0.0,,male,heavy,20.69,44.33,33.42,36.0,90.0,126.0,37.3,33.18,35.59,73.0,116.0,189.0
218,218,Heather Hardy,22.0,1.0,0.0,,female,feather,15.01,37.48,28.41,32.22,118.89,151.11,36.11,16.47,28.83,36.44,135.89,172.33
219,219,Patrick Harris,18.0,0.0,0.0,138.09,male,super light,,,,0.0,0.0,0.0,,,,0.0,0.0,0.0
220,220,Tyrone Harris,26.0,14.0,0.0,,male,super light,24.21,57.74,37.62,30.5,48.5,79.0,34.9,12.87,26.87,11.0,52.0,63.0
221,221,Tony Harrison,28.0,2.0,0.0,,male,super welter,24.03,48.33,32.18,49.75,50.5,100.25,36.98,18.51,28.22,20.75,46.0,66.75
222,222,Jesse Hart,26.0,2.0,0.0,168.04,male,light heavy,27.93,44.48,37.09,35.44,69.89,105.33,34.84,15.61,25.78,16.44,41.22,57.67
223,223,Charles Hatley,28.0,2.0,1.0,153.2,male,super welter,14.51,34.86,27.73,23.0,102.5,125.5,20.0,8.84,15.68,14.5,52.0,66.5
224,224,Malik Hawkins,17.0,0.0,0.0,146.5,male,welter,16.84,39.01,32.19,13.83,72.17,86.0,40.89,15.66,32.62,14.33,76.67,91.0
225,225,Robert Helenius,29.0,3.0,0.0,236.46,male,heavy,19.13,38.21,26.15,36.08,42.0,78.08,34.04,19.5,25.37,31.54,37.31,68.85
226,226,Juan Heraldez,16.0,0.0,1.0,142.62,male,super light,20.98,30.72,26.45,24.33,45.67,70.0,36.07,16.96,26.41,25.33,52.67,78.0
227,227,Rigoberto Hermosillo,11.0,1.0,1.0,127.77,male,feather,16.0,31.65,27.88,8.0,50.0,58.0,34.81,15.38,27.72,16.0,63.0,79.0
228,228,Andrew Hernandez,20.0,8.0,2.0,,male,super middle,16.93,35.96,24.87,58.5,89.0,147.5,22.83,8.71,16.5,15.5,50.0,65.5
229,229,Angel Hernandez,16.0,14.0,2.0,136.16,male,welter,23.38,37.46,32.46,46.0,133.75,179.75,33.25,23.59,30.0,48.0,133.75,181.75
230,230,Carlos Hernandez,4.0,3.0,1.0,141.04,male,super light,24.55,37.92,36.08,16.2,156.6,172.8,34.65,26.35,32.67,36.0,151.0,187.0
231,231,Carlos Hernandez,0.0,1.0,0.0,129.5,male,super feather,24.55,37.92,36.08,16.2,156.6,172.8,34.65,26.35,32.67,36.0,151.0,187.0
232,232,Fidel Hernandez,20.0,7.0,1.0,,male,super middle,14.29,39.13,29.73,2.0,9.0,11.0,35.48,15.79,28.0,3.0,11.0,14.0
233,233,Joey Hernandez,27.0,5.0,1.0,155.21,male,middle,9.72,25.53,18.67,7.0,24.0,31.0,36.6,8.64,26.92,7.0,56.0,63.0
234,234,Jose Hernandez,19.0,6.0,1.0,168.95,male,light heavy,12.12,29.45,24.57,12.0,74.5,86.5,38.28,17.01,29.6,24.5,80.0,104.5
235,235,Nico Hernandez,7.0,0.0,0.0,114.61,male,fly,10.46,31.91,24.43,8.43,48.0,56.43,26.97,12.63,22.78,7.0,36.14,43.14
236,236,Rodney Hernandez,13.0,9.0,2.0,247.49,male,heavy,9.09,42.51,37.13,5.0,122.0,127.0,23.29,1.1,19.47,1.0,102.0,103.0
237,237,Mauricio Herrera,24.0,9.0,0.0,143.05,male,welter,25.51,38.96,34.16,56.08,154.33,210.42,33.18,21.61,29.28,46.75,141.42,188.17
238,238,Jamel Herring,20.0,2.0,0.0,,male,super feather,10.39,33.07,22.87,19.0,74.0,93.0,39.32,8.62,24.98,19.6,102.0,121.6
239,239,Thomas Hill,8.0,3.0,0.0,153.82,male,super welter,7.06,43.31,31.32,12.0,149.0,161.0,47.83,12.08,32.51,25.0,132.0,157.0
240,240,Maurice Hooker,26.0,1.0,3.0,140.78,male,super light,15.42,42.66,29.3,36.0,103.43,139.43,34.84,16.08,26.99,30.0,90.29,120.29
241,241,Azat Hovhannisyan,18.0,3.0,0.0,123.16,male,super bantam,15.51,38.37,32.42,11.5,80.83,92.33,37.8,21.41,34.21,13.17,82.67,95.83
242,242,Marco Huck,41.0,5.0,1.0,199.71,male,heavy,21.09,37.16,31.19,34.4,102.6,137.0,36.92,12.34,25.81,26.2,95.1,121.3
243,243,Charles Huerta,21.0,6.0,0.0,,male,super feather,15.57,28.49,26.11,13.0,105.0,118.0,38.18,16.98,32.75,22.5,147.0,169.5
244,244,Joe Hughes,6.0,3.0,0.0,,male,super middle,27.75,48.39,38.44,72.0,135.0,207.0,35.48,12.11,24.86,25.0,88.0,113.0
245,245,Marvin Hunt,14.0,44.0,1.0,,male,heavy,33.33,27.63,29.0,8.0,21.0,29.0,25.0,25.81,25.32,8.0,12.0,20.0
246,246,Eric Hunter,22.0,4.0,0.0,125.54,male,feather,18.3,42.8,36.43,14.0,93.17,107.17,34.18,11.26,26.09,13.67,76.0,89.67
247,247,Michael Hunter,18.0,1.0,0.0,209.18,male,heavy,20.62,38.71,30.72,35.0,83.0,118.0,43.56,26.33,35.83,35.43,72.0,107.43
248,248,Jarrett Hurd,23.0,1.0,0.0,,male,super welter,20.38,37.26,31.95,29.38,117.0,146.38,39.53,20.65,33.67,24.0,102.12,126.12
249,249,Kanat Islam,27.0,0.0,0.0,,male,middle,17.93,28.26,22.91,17.75,26.0,43.75,42.41,28.88,35.63,36.75,53.75,90.5
250,250,Badou Jack,22.0,2.0,3.0,,male,light heavy,19.91,34.87,27.45,41.06,73.11,114.17,44.16,26.2,35.22,45.06,76.61,121.67
251,251,Daniel Jacobs,35.0,3.0,0.0,161.38,male,middle,19.03,38.31,29.85,27.44,70.62,98.06,35.39,15.77,26.42,19.88,52.94,72.81
252,252,Jamal James,26.0,1.0,0.0,146.46,male,welter,13.3,34.69,24.83,30.5,93.1,123.6,37.72,14.5,27.49,36.5,120.7,157.2
253,253,Bryant Jennings,24.0,4.0,0.0,239.44,male,heavy,14.6,38.08,29.94,15.57,76.57,92.14,39.38,19.6,30.64,30.86,78.36,109.21
254,254,Mike Jimenez,23.0,2.0,2.0,169.73,male,light heavy,18.28,32.82,28.12,17.0,64.0,81.0,19.09,5.56,15.75,2.0,21.0,23.0
255,255,Chris Johnson,6.0,0.0,0.0,146.79,male,super welter,10.7,23.19,19.3,20.5,98.25,118.75,41.81,23.03,32.75,76.0,148.0,224.0
256,256,Curtis Johnson,11.0,0.0,0.0,137.02,male,super feather,0.0,34.55,25.0,0.0,9.5,9.5,18.6,2.5,14.79,0.5,12.0,12.5
257,257,Kevin Johnson,34.0,16.0,1.0,244.36,male,heavy,40.91,58.11,51.31,49.5,107.5,157.0,35.68,12.21,27.1,26.0,132.0,158.0
258,258,Kevin Johnson,7.0,2.0,0.0,142.75,male,welter,40.91,58.11,51.31,49.5,107.5,157.0,35.68,12.21,27.1,26.0,132.0,158.0
259,259,Tureano Johnson,21.0,2.0,1.0,,male,middle,13.17,32.65,28.71,12.8,125.0,137.8,52.3,20.16,48.32,9.8,179.6,189.4
260,260,Willie Jones,7.0,2.0,0.0,146.42,male,welter,,,,0.0,0.0,0.0,,,,0.0,0.0,0.0
261,261,Joe Joyce,10.0,0.0,0.0,251.25,male,heavy,28.88,48.48,36.99,27.0,32.0,59.0,38.89,24.37,30.62,14.5,17.5,32.0
262,262,Omar Juarez,5.0,0.0,0.0,140.55,male,super light,11.79,37.16,25.31,6.75,24.25,31.0,28.73,8.43,22.12,3.75,26.5,30.25
263,263,Zab Judah,44.0,10.0,0.0,,male,super light,13.59,37.36,24.2,26.5,58.71,85.21,35.44,17.86,26.24,30.75,55.61,86.36
264,264,Joel Julio,39.0,4.0,0.0,149.9,male,super welter,19.51,35.57,27.23,46.71,78.86,125.57,36.8,16.61,25.57,47.43,83.86,131.29
265,265,Radivoje Kalajdzic,24.0,2.0,0.0,,male,light heavy,22.1,33.15,27.74,39.0,61.0,100.0,24.31,26.64,25.45,32.5,31.0,63.5
266,266,Robert Kamya,22.0,13.0,1.0,,male,middle,21.68,33.66,26.64,15.5,17.0,32.5,44.36,28.19,35.82,21.0,29.5,50.5
267,267,Ryan Karl,18.0,2.0,0.0,143.69,male,welter,13.67,35.3,24.92,23.0,64.33,87.33,35.6,20.29,30.82,17.0,65.67,82.67
268,268,Tommy Karpency,29.0,7.0,1.0,176.36,male,light heavy,0.0,39.29,30.56,0.0,11.0,11.0,40.0,5.26,30.43,1.0,20.0,21.0
269,269,Travis Kauffman,32.0,3.0,0.0,232.53,male,heavy,14.22,38.19,28.06,15.0,55.0,70.0,35.77,20.45,30.79,13.5,49.0,62.5
270,270,Egidijus Kavaliauskas,21.0,0.0,1.0,,male,welter,17.45,29.06,22.76,28.5,40.0,68.5,38.11,15.19,25.06,25.5,48.33,73.83
271,271,Danny Kelly,10.0,3.0,1.0,237.12,male,heavy,18.81,39.13,22.58,38.0,18.0,56.0,38.97,28.57,33.57,42.0,53.0,95.0
272,272,Ferdinand Kerobyan,12.0,1.0,0.0,152.65,male,welter,13.29,27.66,22.56,7.67,29.0,36.67,38.05,12.13,29.3,7.5,46.17,53.67
273,273,Petr Khamukov,4.0,0.0,0.0,161.12,male,middle,4.0,26.83,22.97,1.0,33.0,34.0,37.14,26.67,35.0,12.0,65.0,77.0
274,274,Arnold Khegai,16.0,0.0,1.0,123.84,male,super bantam,20.78,32.54,28.34,41.5,116.83,158.33,28.69,11.69,21.35,22.17,71.67,93.83
275,275,Ievgen Khytrov,19.0,2.0,0.0,161.13,male,super middle,26.43,46.77,37.62,59.38,128.38,187.75,33.06,19.43,27.08,36.75,80.0,116.75
276,276,Noah Kidd,4.0,2.0,1.0,152.61,male,super welter,9.09,32.64,22.62,13.0,63.0,76.0,35.11,20.37,31.38,22.0,112.0,134.0
277,277,Ryan Kielczweski,30.0,4.0,0.0,130.08,male,light,19.01,35.46,28.9,40.5,113.75,154.25,32.59,14.57,26.61,20.25,91.25,111.5
278,278,Iago Kiladze,26.0,4.0,1.0,205.35,male,heavy,12.63,29.55,17.99,24.0,26.0,50.0,20.41,12.58,15.52,41.0,40.0,81.0
279,279,Cem Kilic,14.0,0.0,0.0,166.04,male,super middle,22.54,43.44,34.47,71.0,182.0,253.0,35.96,33.99,35.23,86.0,155.0,241.0
280,280,James Kirkland,33.0,2.0,0.0,,male,super welter,23.28,43.79,36.42,29.55,99.09,128.64,32.55,16.07,28.23,13.36,76.36,89.73
281,281,Sergey Kovalev,34.0,4.0,1.0,,male,light heavy,26.98,39.77,33.49,38.81,59.31,98.12,32.28,21.64,27.61,21.06,40.19,61.25
282,282,Adam Kownacki,20.0,0.0,0.0,242.26,male,heavy,21.06,33.94,30.82,23.29,117.71,141.0,41.27,14.74,33.33,25.57,167.71,193.29
283,283,Cameron Krael,16.0,15.0,3.0,142.42,male,welter,41.13,45.93,44.14,51.0,96.0,147.0,33.9,10.7,24.9,20.0,100.0,120.0
284,284,Willie Kyles,4.0,16.0,0.0,,male,heavy,53.85,62.75,59.74,14.0,32.0,46.0,17.74,23.53,18.99,4.0,11.0,15.0
285,285,Russell Lamour,16.0,3.0,0.0,,male,middle,18.02,30.17,28.03,20.0,156.0,176.0,38.06,14.02,32.07,23.0,188.0,211.0
286,286,Erislandy Lara,26.0,3.0,3.0,,male,super welter,16.66,34.54,25.97,31.21,70.32,101.53,34.84,12.58,25.17,18.74,67.63,86.37
287,287,Fredrick Lawson,28.0,2.0,0.0,149.66,male,welter,21.3,36.9,30.91,36.0,100.0,136.0,22.99,16.82,20.21,36.0,60.0,96.0
288,288,Brandun Lee,17.0,0.0,0.0,143.05,male,welter,20.0,47.62,30.84,6.5,10.0,16.5,41.67,18.18,30.43,8.0,20.0,28.0
289,289,Mike Lee,21.0,1.0,0.0,,male,super middle,16.91,29.03,23.67,20.8,45.0,65.8,24.71,15.76,20.62,23.2,43.2,66.4
290,290,Angelo Leo,18.0,0.0,0.0,121.35,male,super bantam,5.2,42.29,30.6,9.0,159.0,168.0,22.32,14.41,19.7,16.0,50.0,66.0
291,291,Jorge Linares,4.0,4.0,0.0,138.56,male,light,18.32,33.97,26.56,37.83,78.0,115.83,36.69,16.3,27.21,34.78,90.11,124.89
292,292,Sergey Lipinets,16.0,1.0,0.0,,male,welter,17.44,36.02,26.94,25.2,54.5,79.7,38.31,14.88,25.83,24.3,54.9,79.2
293,293,Vasiliy Lomachenko,14.0,1.0,0.0,,male,light,19.66,41.04,31.06,40.67,97.07,137.73,33.36,14.5,24.58,23.07,60.87,83.93
294,294,Abraham Lopez,10.0,3.0,1.0,141.3,male,welter,16.36,35.76,30.18,17.25,93.17,110.42,35.27,18.31,30.27,13.4,61.8,75.2
295,295,Adam Lopez,18.0,3.0,2.0,121.92,male,super bantam,12.97,34.96,28.15,17.4,104.6,122.0,38.89,15.07,31.0,25.8,134.4,160.2
296,296,Adam Lopez,13.0,1.0,0.0,125.29,male,feather,12.97,34.96,28.15,17.4,104.6,122.0,38.89,15.07,31.0,25.8,134.4,160.2
297,297,Jose Lopez,1.0,1.0,1.0,117.33,male,bantam,11.89,26.84,22.23,2.25,11.38,13.62,35.52,13.44,29.17,2.38,15.54,17.92
298,298,Josesito Lopez,37.0,8.0,0.0,138.73,male,welter,19.98,31.75,25.41,40.17,54.67,94.83,38.53,13.23,25.04,33.17,84.5,117.67
299,299,Misael Lopez,11.0,0.0,0.0,131.29,male,super feather,14.43,30.97,22.26,43.0,83.0,126.0,16.1,7.14,11.24,10.0,19.0,29.0
300,300,Patrick Lopez,28.0,13.0,0.0,140.52,male,light,40.91,53.67,48.98,40.5,91.5,132.0,34.03,13.74,28.33,9.0,57.0,66.0
301,301,Teofimo Lopez,14.0,0.0,0.0,,male,light,16.01,50.06,35.21,19.6,79.2,98.8,22.52,17.76,20.54,16.8,30.0,46.8
302,302,Tony Lopez,1.0,0.0,0.0,244.0,male,heavy,19.44,29.7,24.87,17.5,30.0,47.5,23.78,24.27,23.9,12.5,36.5,49.0
303,303,Wilberth Lopez,23.0,11.0,0.0,139.9,male,welter,13.33,28.8,19.04,42.0,53.0,95.0,21.92,6.49,14.0,10.0,32.0,42.0
304,304,J'Leon Love,24.0,3.0,1.0,164.63,male,super middle,23.57,40.77,33.45,27.62,64.38,92.0,39.26,15.27,29.42,20.15,74.62,94.77
305,305,Montana Love,12.0,0.0,1.0,144.08,male,super light,14.06,39.29,30.11,27.0,132.0,159.0,35.96,23.08,33.07,33.0,178.0,211.0
306,306,Erickson Lubin,22.0,1.0,0.0,153.22,male,super welter,14.82,36.09,27.54,11.12,40.24,51.35,43.2,15.89,32.87,13.12,58.53,71.65
307,307,Neslan Machado,16.0,0.0,0.0,125.25,male,feather,8.41,32.54,26.74,9.0,110.0,119.0,46.51,14.47,38.14,11.0,100.0,111.0
308,308,Neeco Macias,17.0,2.0,0.0,152.62,male,super welter,22.73,40.62,39.51,13.33,361.0,374.33,30.66,9.65,29.84,3.67,288.0,291.67
309,309,Ruslan Madiyev,13.0,1.0,0.0,137.81,male,super light,29.69,44.6,37.57,38.0,64.0,102.0,21.18,13.27,19.0,15.0,63.0,78.0
310,310,Israil Madrimov,4.0,0.0,0.0,,male,super welter,7.76,18.4,13.43,8.5,23.0,31.5,48.17,25.41,39.96,23.5,79.0,102.5
311,311,Diego Magdaleno,31.0,3.0,0.0,,male,light,8.92,28.75,20.21,13.44,57.33,70.78,38.19,10.39,27.61,17.56,104.89,122.44
312,312,Jessie Magdaleno,27.0,1.0,0.0,,male,feather,10.21,41.2,29.81,12.45,86.45,98.91,28.24,9.01,21.19,8.82,47.73,56.55
313,313,Amir Mansour,23.0,4.0,1.0,,male,heavy,11.88,34.44,26.45,16.0,84.5,100.5,39.45,14.42,28.06,29.17,95.67,124.83
314,314,Patricio Manuel,1.0,0.0,0.0,128.0,male,super feather,6.25,33.33,30.67,1.0,49.0,50.0,47.9,9.71,25.17,17.0,57.0,74.0
315,315,Steve Marquez,17.0,20.0,2.0,148.27,male,middle,17.14,19.82,18.52,18.0,22.0,40.0,23.72,18.81,21.79,19.0,37.0,56.0
316,316,Michael Marrone,21.0,11.0,0.0,221.6,male,heavy,19.48,37.27,29.95,15.0,41.0,56.0,27.84,10.53,25.0,2.0,27.0,29.0
317,317,Alex Martin,14.0,3.0,0.0,146.88,male,welter,7.23,25.34,18.23,8.5,46.0,54.5,40.12,12.22,25.44,22.0,65.0,87.0
318,318,Charles Martin,27.0,2.0,1.0,242.74,male,heavy,11.44,30.74,23.65,5.0,23.14,28.14,37.07,10.07,24.19,8.43,34.0,42.43
319,319,Christopher Martin,31.0,11.0,3.0,123.18,male,super feather,20.59,38.79,30.02,70.57,142.86,213.43,44.46,28.71,36.29,78.71,113.0,191.71
320,320,Kareem Martin,13.0,2.0,1.0,146.83,male,super welter,17.78,39.22,32.03,32.0,140.0,172.0,44.19,11.83,34.42,11.0,95.0,106.0
321,321,Javier Martinez,4.0,7.0,0.0,134.84,male,light,16.45,42.9,35.03,12.5,77.0,89.5,,,,,,
322,322,Jesus Martinez,26.0,10.0,0.0,118.85,male,super bantam,7.55,23.15,19.92,4.0,47.0,51.0,20.0,17.09,18.43,27.0,27.0,54.0
323,323,Ramon Martinez,0.0,1.0,0.0,142.25,male,welter,,,,0.0,0.0,0.0,,,,0.0,0.0,0.0
324,324,Steven Martinez,18.0,5.0,0.0,154.62,male,middle,19.41,37.65,31.67,23.0,91.5,114.5,33.66,13.81,26.85,18.5,86.5,105.0
325,325,Xavier Martinez,15.0,0.0,0.0,130.75,male,super feather,31.91,46.61,39.97,32.33,57.33,89.67,17.24,7.08,10.98,7.67,11.67,19.33
326,326,Reshat Mati,4.0,0.0,0.0,147.2,male,welter,0.0,33.33,21.43,0.0,3.0,3.0,63.64,33.33,61.11,1.0,21.0,22.0
327,327,Thomas Mattice,15.0,1.0,1.0,,male,light,21.7,32.84,29.1,40.75,121.75,162.5,33.33,20.31,26.44,46.25,67.5,113.75
328,328,Mikaela Mayer,12.0,0.0,0.0,,female,super feather,8.54,31.81,24.08,8.2,61.4,69.6,41.03,16.02,31.7,15.6,67.2,82.8
329,329,Travell Mazion,15.0,0.0,0.0,144.05,male,super welter,29.63,45.76,38.05,5.33,9.0,14.33,35.71,11.32,22.11,2.0,5.0,7.0
330,330,Emmanuel Medina,16.0,1.0,0.0,145.65,male,welter,,,,0.0,0.0,0.0,,,,0.0,0.0,0.0
331,331,Bektemir Melikuziev,3.0,0.0,0.0,173.5,male,light heavy,12.71,17.78,15.42,7.5,12.0,19.5,58.14,35.09,52.4,10.0,50.0,60.0
332,332,Mason Menard,36.0,4.0,0.0,134.81,male,light,14.48,27.35,22.28,21.0,61.0,82.0,38.81,14.15,30.29,15.0,78.0,93.0
333,333,Argenis Mendez,25.0,5.0,3.0,131.59,male,super light,21.68,42.99,35.53,37.5,138.0,175.5,30.82,13.68,24.66,29.0,116.5,145.5
334,334,Paul Mendez,21.0,3.0,2.0,162.41,male,super middle,22.54,36.5,31.18,29.25,76.75,106.0,42.78,21.88,33.9,35.5,94.0,129.5
335,335,Jarrell Miller,23.0,0.0,1.0,,male,heavy,21.15,35.32,29.43,26.36,61.91,88.27,44.38,21.24,34.94,24.27,73.55,97.82
336,336,Ladarius Miller,20.0,1.0,0.0,138.77,male,light,12.77,27.06,20.42,17.5,42.75,60.25,35.39,13.52,22.5,22.75,41.5,64.25
337,337,Oscar Mojica,12.0,5.0,1.0,116.36,male,bantam,12.64,29.77,22.28,11.33,34.33,45.67,30.16,15.86,25.72,12.0,50.67,62.67
338,338,Carlos Molina,30.0,11.0,2.0,149.87,male,super welter,9.97,28.47,20.27,30.2,108.2,138.4,41.92,26.2,35.28,62.2,136.0,198.2
339,339,Eric Molina,27.0,5.0,0.0,,male,heavy,21.13,43.58,31.02,55.0,89.33,144.33,34.45,14.98,23.03,36.0,58.33,94.33
340,340,Javier Molina,21.0,2.0,0.0,146.4,male,super light,19.93,44.29,35.56,27.5,109.5,137.0,36.7,15.65,30.81,19.25,116.25,135.5
341,341,Bobirzhan Mominov,10.0,0.0,0.0,149.67,male,welter,7.5,19.72,16.38,6.0,42.0,48.0,48.32,24.32,39.12,36.0,115.0,151.0
342,342,Sean Monaghan,29.0,3.0,0.0,174.85,male,light heavy,15.47,43.97,30.31,35.0,108.0,143.0,42.36,22.1,32.75,66.6,141.4,208.0
343,343,Shon Mondragon,4.0,0.0,0.0,121.94,male,super bantam,,,,0.0,0.0,0.0,,,,0.0,0.0,0.0
344,344,Rodney Moore,20.0,18.0,2.0,,male,heavy,18.72,29.45,26.28,20.5,77.0,97.5,23.61,23.39,23.5,34.5,34.0,68.5
345,345,Carlos Morales,19.0,4.0,3.0,132.0,male,light,17.48,36.05,29.48,21.4,80.6,102.0,26.19,14.25,21.74,20.2,62.6,82.8
346,346,David Morrell,2.0,0.0,0.0,170.88,male,light heavy,10.53,36.54,29.58,2.0,19.0,21.0,28.57,0.0,11.11,0.0,2.0,2.0
347,347,Raymond Muratalla,9.0,0.0,0.0,136.94,male,light,9.23,23.32,19.77,3.0,22.5,25.5,40.98,18.46,35.08,6.0,37.5,43.5
348,348,Bakhram Murtazaliev,17.0,0.0,0.0,,male,super welter,14.29,23.24,19.0,31.0,56.0,87.0,45.73,10.16,31.42,32.0,214.0,246.0
349,349,Ismail Muwendo,21.0,1.0,0.0,132.28,male,light,24.48,43.87,34.62,82.0,161.0,243.0,40.9,20.8,33.33,78.0,254.0,332.0
350,350,Jonathan Navarro,17.0,0.0,0.0,140.96,male,super light,15.72,44.6,28.0,10.17,21.33,31.5,35.51,25.59,30.83,16.33,25.33,41.67
351,351,Oscar Negrete,18.0,2.0,2.0,,male,bantam,11.63,33.3,25.94,21.33,118.78,140.11,38.47,21.85,33.37,44.89,178.67,223.56
352,352,Carlos Negron,20.0,3.0,0.0,203.61,male,heavy,27.64,49.65,39.39,34.0,70.0,104.0,26.53,22.89,24.86,19.0,26.0,45.0
353,353,Tori Nelson,20.0,2.0,3.0,153.39,female,middle,0.0,27.03,15.62,0.0,10.0,10.0,44.78,9.09,35.96,2.0,30.0,32.0
354,354,Willie Nelson,27.0,3.0,1.0,149.89,male,super welter,11.28,37.71,27.71,18.2,100.0,118.2,37.06,28.29,33.3,51.6,90.2,141.8
355,355,Demond Nicholson,22.0,3.0,1.0,163.46,male,super middle,20.43,46.01,35.41,19.0,60.5,79.5,46.37,16.75,33.26,16.5,57.5,74.0
356,356,Jessie Nicklow,27.0,10.0,3.0,,male,super middle,28.21,36.99,35.38,7.33,42.67,50.0,31.93,17.35,24.03,11.33,17.67,29.0
357,357,Antonio Nieves,19.0,3.0,2.0,,male,bantam,15.18,31.31,23.01,47.67,92.67,140.33,27.97,17.77,24.19,34.0,91.0,125.0
358,358,Vladimir Nikitin,3.0,0.0,0.0,125.83,male,feather,6.93,27.46,19.26,12.75,76.0,88.75,32.5,9.86,25.51,12.75,94.0,106.75
359,359,Abraham Nova,17.0,0.0,0.0,130.82,male,super feather,16.67,28.09,26.79,5.0,66.0,71.0,49.37,9.09,29.49,14.0,78.0,92.0
360,360,Javier Nunez,1.0,5.0,0.0,144.96,male,welter,0.0,34.62,28.12,0.0,9.0,9.0,45.45,100.0,47.83,1.0,10.0,11.0
361,361,Meiirim Nursultanov,13.0,0.0,0.0,,male,middle,20.51,20.0,20.37,16.0,6.0,22.0,,,,0.0,0.0,0.0
362,362,Tugstsogt Nyambayar,11.0,0.0,0.0,,male,feather,16.03,33.98,25.47,19.4,45.6,65.0,51.8,25.1,38.94,36.2,80.4,116.6
363,363,Francisco Ochoa,16.0,0.0,0.0,132.44,male,super feather,5.45,20.47,16.81,3.0,35.0,38.0,34.27,17.16,26.92,23.0,61.0,84.0
364,364,Jerry Odom,16.0,3.0,1.0,168.51,male,super middle,30.5,39.21,35.87,10.75,22.25,33.0,39.94,12.84,29.22,7.0,33.25,40.25
365,365,Wale Omotoso,28.0,5.0,0.0,,male,middle,13.69,33.43,23.98,31.25,83.0,114.25,29.54,14.18,22.3,30.0,70.0,100.0
366,366,Max Ornelas,13.0,0.0,1.0,117.8,male,bantam,19.08,41.48,34.63,33.0,163.0,196.0,26.65,4.43,20.62,7.0,113.0,120.0
367,367,Antonio Orozco,28.0,2.0,0.0,141.62,male,super light,15.09,31.96,24.99,19.91,59.91,79.82,42.54,26.75,38.1,26.0,105.55,131.55
368,368,Luis Ortiz,31.0,1.0,0.0,,male,heavy,13.48,37.38,25.75,12.2,35.7,47.9,37.83,14.4,23.39,23.0,37.6,60.6
369,369,Steven Ortiz,11.0,0.0,0.0,134.55,male,light,11.0,28.99,21.43,11.0,40.0,51.0,29.26,6.5,18.65,13.0,67.0,80.0
370,370,Greg Outlaw,8.0,0.0,0.0,138.67,male,super light,,,,0.0,0.0,0.0,,,,0.0,0.0,0.0
371,371,Joseph Parker,26.0,2.0,0.0,247.66,male,heavy,10.81,35.36,20.92,15.0,34.36,49.36,39.42,16.84,29.05,20.64,56.91,77.55
372,372,Justin Pauldo,13.0,2.0,0.0,135.3,male,light,17.06,35.84,27.23,16.67,41.33,58.0,43.1,14.39,28.03,12.67,34.33,47.0
373,373,David Payne,3.0,2.0,1.0,143.3,male,welter,20.0,53.85,44.44,1.0,7.0,8.0,83.67,100.0,84.0,1.0,41.0,42.0
374,374,Aaron Perez,9.0,0.0,0.0,,male,super feather,17.12,37.93,27.75,19.0,44.0,63.0,45.27,27.08,38.68,52.0,153.0,205.0
375,375,Michael Perez,25.0,3.0,2.0,135.82,male,super light,22.15,39.15,33.35,25.73,87.8,113.53,38.82,21.23,31.72,31.33,84.6,115.93
376,376,Bryant Perrella,17.0,2.0,0.0,147.56,male,welter,18.77,31.78,24.79,16.33,23.83,40.17,35.44,13.22,25.98,10.33,37.33,47.67
377,377,Samuel Peter,38.0,8.0,0.0,,male,heavy,24.85,38.75,31.58,45.73,67.0,112.73,41.53,30.46,35.72,49.18,60.82,110.0
378,378,Anthony Peterson,37.0,1.0,1.0,136.66,male,super light,17.64,33.33,26.9,34.11,92.78,126.89,37.44,22.01,30.93,40.22,93.78,134.0
379,379,Caleb Plant,19.0,0.0,0.0,,male,super middle,14.72,25.73,20.46,19.4,36.9,56.3,44.31,23.3,33.88,38.7,74.7,113.4
380,380,Dakota Polley,5.0,3.0,0.0,138.06,male,super light,5.06,27.53,23.71,4.0,106.0,110.0,39.05,7.59,29.03,6.0,66.0,72.0
381,381,Konstantin Ponomarev,34.0,2.0,0.0,148.19,male,super welter,18.42,37.83,29.55,40.33,111.33,151.67,37.54,16.09,28.41,40.67,128.0,168.67
382,382,Shawn Porter,30.0,3.0,1.0,,male,welter,19.99,33.73,28.53,29.14,80.86,110.0,37.64,22.54,32.48,36.14,116.21,152.36
383,383,Viktor Postol,31.0,2.0,0.0,139.87,male,super light,15.77,24.58,21.46,18.0,51.12,69.12,35.52,21.41,28.05,74.83,110.33,185.17
384,384,Nikolai Potapov,20.0,2.0,1.0,119.97,male,bantam,9.57,28.13,19.63,31.0,107.75,138.75,37.39,21.13,30.15,55.0,121.25,176.25
385,385,Alexander Povetkin,35.0,2.0,0.0,236.42,male,heavy,18.65,36.83,28.08,28.11,59.84,87.95,37.57,16.53,29.25,25.05,87.11,112.16
386,386,Breidis Prescott,31.0,18.0,0.0,141.82,male,welter,17.45,31.88,24.28,40.0,65.67,105.67,31.06,16.37,25.1,28.67,79.67,108.33
387,387,Darwin Price,16.0,0.0,0.0,140.67,male,welter,19.47,41.15,26.48,49.5,50.0,99.5,22.84,15.7,19.47,19.0,31.0,50.0
388,388,Dylan Price,10.0,0.0,0.0,116.02,male,super fly,8.43,18.12,13.19,14.0,29.0,43.0,62.18,27.03,48.7,40.0,148.0,188.0
389,389,Regis Prograis,24.0,1.0,0.0,,male,super light,12.46,36.62,25.65,16.4,57.9,74.3,42.95,19.38,30.06,34.1,62.7,96.8
390,390,Kubrat Pulev,28.0,1.0,0.0,246.58,male,heavy,17.92,35.12,25.66,31.8,51.0,82.8,33.37,21.66,26.19,55.8,54.2,110.0
391,391,Brandon Quarles,21.0,5.0,1.0,156.58,male,middle,16.26,28.57,21.83,33.0,48.0,81.0,21.31,8.24,13.56,22.0,39.0,61.0
392,392,Jason Quigley,16.0,1.0,0.0,,male,middle,16.72,40.83,33.49,17.56,98.0,115.56,34.91,21.17,30.7,21.33,79.67,101.0
393,393,Peter Quillin,34.0,2.0,1.0,161.91,male,super middle,22.81,38.22,32.39,20.31,55.88,76.19,47.89,24.59,37.08,33.81,76.0,109.81
394,394,Sanjarbek Rakhmanov,12.0,2.0,1.0,144.77,male,welter,14.47,28.64,20.5,60.5,88.5,149.0,52.04,30.66,44.54,32.5,102.0,134.5
395,395,Eddie Ramirez,17.0,3.0,0.0,141.35,male,super light,24.29,33.48,29.61,41.2,78.0,119.2,38.21,19.1,31.3,22.0,77.8,99.8
396,396,Robeisy Ramirez,0.0,1.0,0.0,124.88,male,feather,16.96,27.61,24.84,12.0,55.5,67.5,35.35,15.15,27.27,15.0,52.5,67.5
397,397,Abel Ramos,25.0,3.0,2.0,143.61,male,welter,26.39,31.63,28.69,138.0,130.0,268.0,34.65,15.59,27.62,46.0,175.0,221.0
398,398,Jair Ramos,5.0,3.0,2.0,140.9,male,welter,,,,0.0,0.0,0.0,,,,0.0,0.0,0.0
399,399,Rico Ramos,30.0,6.0,0.0,,male,feather,13.27,36.96,30.38,11.71,84.86,96.57,33.42,15.69,27.54,21.43,92.0,113.43
400,400,Quinton Randall,6.0,0.0,0.0,151.29,male,super welter,,,,0.0,0.0,0.0,,,,0.0,0.0,0.0
401,401,Amon Rashidi,7.0,1.0,0.0,146.06,male,welter,6.56,25.84,18.0,4.0,23.0,27.0,29.29,18.6,24.32,16.0,29.0,45.0
402,402,Ivan Redkach,23.0,4.0,1.0,137.2,male,welter,15.62,31.53,25.88,17.54,64.38,81.92,36.64,10.35,27.31,12.62,81.15,93.77
403,403,Mike Reed,25.0,2.0,0.0,141.19,male,super light,7.16,32.18,23.15,14.0,111.5,125.5,36.98,7.69,25.36,21.5,157.0,178.5
404,404,Kali Reis,16.0,7.0,1.0,150.25,female,welter,27.69,71.95,62.7,18.0,177.0,195.0,22.96,10.89,19.68,11.0,62.0,73.0
405,405,Anthony Reyes,7.0,0.0,0.0,120.11,male,super bantam,,,,0.0,0.0,0.0,,,,0.0,0.0,0.0
406,406,Anthony Reyes,11.0,1.0,1.0,126.23,male,feather,,,,0.0,0.0,0.0,,,,0.0,0.0,0.0
407,407,Guillermo Rigondeaux,19.0,1.0,0.0,122.7,male,super bantam,9.42,23.56,17.7,7.0,24.74,31.74,44.1,11.07,25.18,16.68,49.58,66.26
408,408,Alex Rincon,7.0,0.0,0.0,154.79,male,super welter,,,,0.0,0.0,0.0,,,,0.0,0.0,0.0
409,409,George Rincon,8.0,0.0,0.0,140.0,male,super light,16.67,32.0,26.25,2.5,8.0,10.5,50.48,12.5,36.09,4.0,26.5,30.5
410,410,Brandon Rios,35.0,5.0,1.0,136.32,male,super welter,17.22,41.19,32.06,30.69,119.38,150.06,42.86,23.48,37.65,33.25,165.25,198.5
411,411,Ronny Rios,31.0,3.0,0.0,125.42,male,super bantam,20.8,44.92,37.2,26.0,119.31,145.31,45.48,19.89,37.16,24.08,114.23,138.31
412,412,Lamont Roach,19.0,0.0,1.0,,male,super feather,12.16,25.36,19.83,14.7,42.6,57.3,37.77,13.85,28.17,19.4,78.9,98.3
413,413,Ray Robinson,24.0,3.0,2.0,,male,welter,26.27,40.85,33.73,40.0,65.25,105.25,46.4,25.79,35.29,71.25,109.5,180.75
414,414,Emanuel Robles,17.0,6.0,1.0,141.42,male,welter,12.28,29.65,22.17,10.5,33.5,44.0,48.07,13.08,29.3,25.5,81.0,106.5
415,415,Alexis Rocha,14.0,0.0,0.0,,male,welter,12.96,42.3,28.18,7.89,27.78,35.67,39.66,18.64,31.37,9.44,30.89,40.33
416,416,Julian Rodarte,17.0,0.0,1.0,133.14,male,light,,,,0.0,0.0,0.0,,,,0.0,0.0,0.0
417,417,David Rodriguez,2.0,0.0,0.0,151.5,male,super welter,25.85,50.3,36.9,53.0,85.0,138.0,52.56,19.05,48.59,4.0,82.0,86.0
418,418,Edwin Rodriguez,31.0,2.0,0.0,170.04,male,cruiser,17.17,35.76,26.86,24.56,55.72,80.28,43.27,19.99,33.84,32.06,101.83,133.89
419,419,Emmanuel Rodriguez,4.0,0.0,0.0,118.56,male,bantam,11.95,27.96,21.95,24.67,96.0,120.67,42.12,18.74,32.28,40.67,125.67,166.33
420,420,Jerome Rodriguez,7.0,14.0,3.0,141.38,male,welter,39.39,46.43,43.82,13.0,26.0,39.0,35.82,19.23,31.18,5.0,24.0,29.0
421,421,Joseph Rodriguez,15.0,0.0,1.0,130.53,male,super light,16.89,31.42,25.67,25.0,71.0,96.0,48.78,33.99,42.46,52.0,100.0,152.0
422,422,Julian Rodriguez,18.0,0.0,0.0,141.68,male,super light,,,,0.0,0.0,0.0,,,,0.0,0.0,0.0
423,423,Saul Rodriguez,23.0,1.0,1.0,130.44,male,light,12.28,32.94,26.36,12.0,69.0,81.0,40.6,15.95,32.08,19.5,94.0,113.5
424,424,Daniel Roman,27.0,2.0,1.0,,male,super bantam,7.57,29.46,19.34,28.2,127.6,155.8,42.09,15.94,34.24,40.0,246.4,286.4
425,425,Evgeny Romanov,14.0,0.0,0.0,221.32,male,heavy,,,,0.0,0.0,0.0,,,,0.0,0.0,0.0
426,426,Rolando Romero,10.0,0.0,0.0,135.38,male,light,27.12,12.05,18.31,5.33,3.33,8.67,37.58,18.18,29.37,7.33,20.67,28.0
427,427,Gadwin Rosa,11.0,1.0,0.0,130.15,male,super feather,9.49,21.38,15.46,15.0,34.0,49.0,42.07,4.84,21.15,9.0,61.0,70.0
428,428,Gabriel Rosado,24.0,12.0,1.0,156.47,male,middle,18.87,34.69,28.34,34.54,94.77,129.31,36.12,16.24,27.56,38.62,113.62,152.23
429,429,Jeison Rosario,19.0,1.0,1.0,,male,middle,4.92,21.91,16.74,8.0,81.5,89.5,33.03,14.17,26.35,25.5,108.5,134.0
430,430,Erik Ruiz,17.0,8.0,1.0,121.96,male,super bantam,14.16,33.88,27.75,37.33,198.0,235.33,33.78,14.29,27.62,31.0,158.67,189.67
431,431,Hugo Ruiz,39.0,5.0,0.0,,male,super feather,21.74,36.61,27.84,17.5,20.5,38.0,29.9,7.32,18.69,10.5,43.5,54.0
432,432,Bruce Rumbolz,22.0,36.0,2.0,168.1,male,light heavy,0.0,52.38,44.0,0.0,11.0,11.0,0.0,,0.0,0.0,0.0,0.0
433,433,Umar Salamov,25.0,1.0,0.0,,male,light heavy,23.42,26.97,24.44,52.0,24.0,76.0,33.88,21.12,25.5,49.0,41.0,90.0
434,434,Alejandro Salinas,10.0,3.0,0.0,132.81,male,light,11.81,28.99,24.5,17.0,118.0,135.0,28.01,7.61,24.59,7.0,128.0,135.0
435,435,Rod Salka,24.0,6.0,0.0,137.71,male,super feather,15.41,35.59,24.36,28.5,52.5,81.0,30.2,13.07,20.69,20.0,37.0,57.0
436,436,Emilio Sanchez,18.0,1.0,0.0,123.19,male,feather,16.86,34.07,29.35,23.0,123.0,146.0,43.16,18.63,35.6,33.2,172.8,206.0
437,437,Jason Sanchez,15.0,1.0,0.0,125.97,male,feather,21.21,48.0,32.76,7.0,12.0,19.0,47.89,4.17,30.25,2.0,34.0,36.0
438,438,Ruben Sanchez,1.0,2.0,0.0,227.58,male,heavy,25.71,43.37,38.14,9.0,36.0,45.0,27.5,20.0,24.62,5.0,11.0,16.0
439,439,Saul Sanchez,12.0,1.0,0.0,118.0,male,bantam,14.55,28.89,24.74,16.0,78.0,94.0,41.55,20.56,35.98,22.0,123.0,145.0
440,440,Francisco Santana,25.0,7.0,1.0,150.26,male,welter,17.95,38.09,29.06,36.25,94.75,131.0,33.85,15.53,28.63,28.0,153.25,181.25
441,441,Alexis Santiago,21.0,7.0,1.0,120.32,male,super bantam,17.89,33.82,30.61,28.0,210.0,238.0,41.4,15.87,32.93,49.5,260.0,309.5
442,442,Rocco Santomauro,18.0,1.0,0.0,,male,super fly,11.96,23.66,19.78,11.0,44.0,55.0,26.72,12.0,24.11,3.0,31.0,34.0
443,443,Alexis Santos,19.0,3.0,0.0,216.78,male,heavy,6.36,30.43,18.03,7.0,31.5,38.5,48.5,24.49,45.43,6.0,81.0,87.0
444,444,Alex Saucedo,29.0,1.0,0.0,144.16,male,super light,18.27,34.09,26.37,39.5,77.17,116.67,37.96,20.71,30.4,32.0,75.17,107.17
445,445,Mike Sawyer,8.0,13.0,0.0,179.5,male,cruiser,,,,0.0,0.0,0.0,,,,0.0,0.0,0.0
446,446,Michael Seals,24.0,2.0,0.0,,male,light heavy,14.81,19.86,17.67,16.0,28.0,44.0,36.67,23.5,27.16,55.0,33.0,88.0
447,447,Cletus Seldin,24.0,1.0,0.0,,male,super light,17.58,21.8,20.57,15.4,46.6,62.0,30.96,11.8,24.11,21.8,102.8,124.6
448,448,Isiah Seldon,13.0,3.0,1.0,161.6,male,middle,15.96,32.77,25.35,15.0,39.0,54.0,39.33,11.38,26.74,14.0,59.0,73.0
449,449,Amanda Serrano,37.0,1.0,1.0,,female,feather,7.04,27.45,20.58,6.5,50.0,56.5,39.47,11.45,30.45,14.33,104.0,118.33
450,450,Raymond Serrano,24.0,6.0,0.0,146.16,male,welter,20.55,39.66,32.55,18.14,59.14,77.29,34.32,20.85,28.51,28.14,61.0,89.14
451,451,Vyacheslav Shabranskyy,21.0,2.0,0.0,178.28,male,light heavy,29.97,42.92,36.11,44.6,57.6,102.2,34.43,21.19,29.36,19.2,50.2,69.4
452,452,Denis Shafikov,40.0,4.0,2.0,139.09,male,light,7.35,25.99,16.46,26.67,90.0,116.67,38.84,23.6,33.73,49.83,162.5,212.33
453,453,Maureen Shea,28.0,2.0,1.0,129.85,female,feather,15.29,28.33,24.84,13.0,66.0,79.0,33.33,9.8,25.79,5.0,36.0,41.0
454,454,Taras Shelestyuk,17.0,0.0,0.0,148.94,male,welter,12.9,27.76,23.69,10.4,59.4,69.8,48.75,26.08,38.19,61.6,132.2,193.8
455,455,Claressa Shields,9.0,0.0,0.0,,female,middle,11.37,22.93,18.53,12.73,41.64,54.36,40.33,15.78,31.56,20.27,93.27,113.55
456,456,Scott Sigmon,34.0,14.0,1.0,172.06,male,light heavy,11.79,44.41,32.65,25.0,167.0,192.0,18.18,21.71,19.25,28.0,54.0,82.0
457,457,William Silva,27.0,2.0,0.0,135.52,male,super light,7.61,16.25,10.23,7.0,6.5,13.5,36.93,17.31,26.3,18.0,32.5,50.5
458,458,Lorenzo Simpson,5.0,0.0,0.0,162.9,male,super middle,10.81,6.25,7.52,4.0,6.0,10.0,46.27,9.09,27.08,13.0,62.0,75.0
459,459,Shawn Simpson,11.0,0.0,0.0,119.34,male,bantam,7.36,33.33,21.2,6.0,31.0,37.0,34.01,28.65,31.08,25.5,25.0,50.5
460,460,Stanyslav Skorokhod,19.0,2.0,0.0,,male,super welter,11.94,33.33,22.79,8.0,23.0,31.0,42.31,16.92,34.84,11.0,66.0,77.0
461,461,Viktor Slavinskyi,10.0,0.0,1.0,128.91,male,super feather,7.85,30.29,22.37,15.0,106.0,121.0,44.89,26.24,36.59,37.0,79.0,116.0
462,462,Anthony Smith,0.0,1.0,0.0,132.5,male,light,22.3,33.33,27.17,33.0,39.0,72.0,,,,,,
463,463,Ishe Smith,29.0,11.0,0.0,153.57,male,super welter,19.36,34.09,26.64,40.0,68.71,108.71,42.89,16.35,29.74,40.14,107.29,147.43
464,464,James Smith,0.0,2.0,0.0,160.75,male,middle,10.38,23.79,17.1,30.0,69.0,99.0,62.86,55.71,58.99,161.0,154.0,315.0
465,465,James Smith,13.0,3.0,0.0,,male,super fly,10.38,23.79,17.1,30.0,69.0,99.0,62.86,55.71,58.99,161.0,154.0,315.0
466,466,Hairon Socarras,22.0,1.0,3.0,125.75,male,feather,20.59,28.79,26.0,7.0,19.0,26.0,38.53,14.29,30.3,8.0,42.0,50.0
467,467,Jason Sosa,23.0,4.0,4.0,,male,super feather,9.43,31.86,23.56,13.57,78.0,91.57,41.41,22.19,34.53,38.43,128.43,166.86
468,468,Avery Sparrow,10.0,1.0,0.0,131.29,male,light,10.7,27.14,18.49,16.0,36.5,52.5,30.89,11.57,20.2,22.5,48.5,71.0
469,469,Joey Spencer,9.0,0.0,0.0,155.17,male,middle,13.53,30.7,27.57,4.5,45.75,50.25,36.52,23.59,33.45,11.5,57.25,68.75
470,470,Tyrone Spong,14.0,0.0,0.0,227.21,male,heavy,7.69,19.53,12.09,12.5,18.75,31.25,36.82,25.28,29.88,22.75,22.0,44.75
471,471,Eimantas Stanionis,9.0,0.0,0.0,149.03,male,welter,10.34,32.36,23.97,24.0,122.0,146.0,39.03,34.07,38.04,46.0,210.0,256.0
472,472,Curtis Stevens,30.0,7.0,0.0,,male,super welter,15.01,36.72,27.57,14.15,47.54,61.69,40.06,11.9,29.81,9.77,57.38,67.15
473,473,Shakur Stevenson,13.0,0.0,0.0,,male,feather,6.67,23.29,18.03,3.0,22.62,25.62,42.08,18.56,31.53,14.06,39.19,53.25
474,474,Bermane Stiverne,25.0,4.0,1.0,,male,heavy,26.75,36.51,30.76,36.75,35.0,71.75,44.04,24.34,33.93,26.38,45.25,71.62
475,475,Artur Szpilka,23.0,4.0,0.0,232.43,male,heavy,5.23,30.2,19.04,4.5,32.12,36.62,39.25,21.12,29.23,25.38,38.12,63.5
476,476,Andrew Tabiti,17.0,1.0,0.0,,male,cruiser,15.3,26.01,21.79,13.25,34.62,47.88,46.67,21.13,32.74,30.88,56.88,87.75
477,477,Carlos Takam,37.0,5.0,1.0,236.74,male,heavy,18.75,39.06,27.3,33.0,50.0,83.0,51.14,38.27,48.45,31.0,157.0,188.0
478,478,Shyngyskhan Tazhibay,9.0,0.0,0.0,146.19,male,welter,18.45,31.78,25.86,19.0,41.0,60.0,20.31,16.67,19.51,6.0,26.0,32.0
479,479,Samuel Teah,15.0,3.0,1.0,,male,super light,24.39,32.42,29.53,30.0,71.0,101.0,40.13,7.1,23.45,11.0,61.0,72.0
480,480,Erkan Teper,20.0,3.0,0.0,245.52,male,heavy,9.7,35.26,22.4,19.5,70.0,89.5,44.72,31.14,40.42,26.0,80.5,106.5
481,481,Chris Thomas,13.0,1.0,1.0,,male,light heavy,29.81,51.9,41.57,62.0,123.0,185.0,30.0,9.46,20.44,14.0,51.0,65.0
482,482,Lionell Thompson,21.0,5.0,0.0,177.53,male,light heavy,13.4,24.35,18.97,16.25,30.5,46.75,37.68,30.71,33.26,46.75,33.25,80.0
483,483,Keith Thurman,29.0,1.0,0.0,,male,welter,15.0,30.0,23.53,24.92,65.69,90.62,47.0,20.18,34.87,39.08,110.23,149.31
484,484,Juan Torres,3.0,2.0,1.0,266.83,male,heavy,48.48,70.64,58.51,192.0,231.0,423.0,35.67,10.14,31.23,7.0,117.0,124.0
485,485,Austin Trout,31.0,5.0,1.0,155.85,male,super welter,13.87,24.44,19.39,21.89,42.11,64.0,43.16,19.87,30.75,62.33,118.78,181.11
486,486,Caleb Truax,30.0,4.0,2.0,165.11,male,super middle,18.73,36.27,27.14,32.33,57.67,90.0,37.36,11.68,24.07,27.83,83.0,110.83
487,487,Wesley Tucker,14.0,3.0,0.0,149.5,male,welter,0.0,30.83,21.81,0.0,41.0,41.0,18.94,15.35,16.77,31.0,25.0,56.0
488,488,Lanardo Tyner,35.0,16.0,2.0,145.95,male,super welter,49.53,39.59,41.39,53.0,192.0,245.0,44.06,23.0,35.78,69.0,204.0,273.0
489,489,Yordenis Ugas,24.0,4.0,0.0,145.78,male,welter,12.82,31.16,23.13,25.33,79.0,104.33,45.79,20.59,32.67,44.67,91.33,136.0
490,490,Izuagbe Ugonoh,18.0,2.0,0.0,,male,heavy,7.88,12.5,10.21,6.5,10.5,17.0,39.35,13.76,20.82,28.0,30.5,58.5
491,491,Oleksandr Usyk,17.0,0.0,0.0,202.18,male,heavy,13.85,31.27,22.56,27.08,61.17,88.25,38.19,17.14,25.37,64.5,92.25,156.75
492,492,Oscar Valdez,26.0,0.0,0.0,127.17,male,feather,12.06,22.46,18.12,19.22,49.83,69.06,44.92,26.33,36.71,43.67,94.11,137.78
493,493,Jose Valenzuela,5.0,0.0,0.0,129.75,male,light,,,,0.0,0.0,0.0,,,,0.0,0.0,0.0
494,494,Jessie Vargas,29.0,2.0,2.0,143.65,male,super welter,16.49,33.38,27.38,23.93,87.93,111.86,39.95,21.33,31.76,45.93,109.57,155.5
495,495,Josue Vargas,15.0,1.0,0.0,141.39,male,super light,,,,0.0,0.0,0.0,,,,0.0,0.0,0.0
496,496,Angel Vazquez,0.0,1.0,0.0,175.25,male,cruiser,12.71,24.05,19.21,27.8,70.8,98.6,32.64,10.27,23.03,17.8,75.2,93.0
497,497,Damien Vazquez,14.0,1.0,1.0,114.46,male,bantam,16.78,42.29,31.82,16.67,60.33,77.0,26.56,17.18,23.1,15.0,39.67,54.67
498,498,Anthony Velazquez,8.0,0.0,0.0,147.81,male,welter,10.92,23.48,17.09,13.0,27.0,40.0,40.0,20.96,29.05,61.0,86.0,147.0
499,499,Andy Vences,23.0,1.0,1.0,130.93,male,super feather,19.9,25.67,23.32,30.75,57.5,88.25,46.67,25.09,35.42,50.25,85.75,136.0
500,500,Greg Vendetti,22.0,3.0,1.0,,male,super welter,7.09,29.66,21.22,10.0,70.0,80.0,30.41,8.97,26.2,7.0,97.0,104.0
501,501,Brian Vera,26.0,15.0,0.0,163.81,male,light heavy,22.22,38.72,31.05,59.5,119.33,178.83,34.65,17.46,27.34,61.0,163.5,224.5
502,502,Yenifel Vicente,36.0,4.0,2.0,124.58,male,super bantam,19.15,26.35,23.44,36.0,73.0,109.0,34.29,1.99,17.53,3.0,48.0,51.0
503,503,Amilcar Vidal,9.0,0.0,0.0,159.0,male,middle,29.41,23.68,25.45,5.0,9.0,14.0,39.02,37.5,38.6,6.0,16.0,22.0
504,504,Carlos Vidal,15.0,0.0,0.0,128.98,male,feather,7.69,23.64,17.02,3.0,13.0,16.0,30.61,17.14,25.0,6.0,15.0,21.0
505,505,Ruben Villa,17.0,0.0,0.0,,male,feather,19.1,22.46,20.96,44.5,65.25,109.75,35.02,29.09,31.84,82.75,86.5,169.25
506,506,Steve Villalobos,11.0,1.0,1.0,,male,super welter,5.04,16.67,7.43,7.0,6.0,13.0,30.43,12.89,20.23,33.0,56.0,89.0
507,507,Shelly Vincent,26.0,2.0,0.0,124.55,female,feather,13.04,26.77,22.11,9.0,36.0,45.0,40.47,8.46,33.85,8.5,156.0,164.5
508,508,Steve Vukosa,12.0,1.0,0.0,,male,heavy,28.0,42.11,38.25,14.0,56.0,70.0,36.0,11.86,25.37,7.0,27.0,34.0
509,509,Mariusz Wach,35.0,5.0,0.0,242.24,male,heavy,10.81,25.91,17.51,20.8,39.8,60.6,41.55,18.58,26.09,51.2,55.6,106.8
510,510,Dominic Wade,20.0,1.0,0.0,164.14,male,light heavy,18.07,24.46,21.72,14.67,26.5,41.17,43.93,22.85,31.67,26.17,36.17,62.33
511,511,Gerald Washington,20.0,3.0,1.0,246.51,male,heavy,20.26,31.09,26.65,15.67,34.67,50.33,34.06,18.56,25.0,25.83,33.67,59.5
512,512,Derrick Webster,28.0,2.0,0.0,166.17,male,super middle,9.59,34.5,28.48,7.0,79.0,86.0,24.8,12.59,17.3,25.5,31.5,57.0
513,513,Benjamin Whitaker,12.0,3.0,0.0,148.88,male,welter,13.51,31.15,17.89,50.0,38.0,88.0,51.68,31.0,39.68,102.0,123.0,225.0
514,514,Charles Whittaker,43.0,16.0,2.0,155.05,male,middle,2.04,6.67,3.12,1.0,1.0,2.0,37.5,9.17,18.18,11.0,21.0,32.0
515,515,Dillian Whyte,26.0,1.0,0.0,233.59,male,heavy,15.8,37.62,27.41,18.14,49.14,67.29,41.54,23.2,31.86,50.21,80.36,130.57
516,516,Deontay Wilder,41.0,0.0,1.0,,male,heavy,16.67,34.62,24.83,9.43,16.35,25.78,45.75,28.8,35.5,25.7,26.65,52.35
517,517,Marsellos Wilder,5.0,1.0,0.0,193.07,male,cruiser,20.31,15.38,18.1,13.0,8.0,21.0,38.89,24.0,29.22,24.0,21.0,45.0
518,518,James Wilkins,8.0,1.0,0.0,133.67,male,super feather,17.92,31.5,28.42,14.33,86.0,100.33,34.08,12.47,25.55,17.0,71.33,88.33
519,519,Dannie Williams,23.0,3.0,0.0,135.22,male,welter,15.09,33.33,27.65,8.0,39.0,47.0,47.23,7.65,30.62,15.0,128.0,143.0
520,520,Joseph Williams,13.0,0.0,0.0,181.63,male,cruiser,4.35,17.81,14.58,1.0,13.0,14.0,42.42,35.0,40.7,7.0,28.0,35.0
521,521,Julian Williams,27.0,1.0,1.0,,male,super welter,10.25,28.45,21.82,10.43,50.57,61.0,49.47,26.18,39.74,36.5,96.14,132.64
522,522,Keeshawn Williams,6.0,0.0,1.0,146.04,male,welter,,,,0.0,0.0,0.0,,,,0.0,0.0,0.0
523,523,Lavisas Williams,9.0,1.0,1.0,132.91,male,light,29.35,43.51,38.21,27.0,67.0,94.0,21.14,9.09,13.41,20.0,26.0,46.0
524,524,Mitch Williams,16.0,8.0,3.0,,male,cruiser,4.55,26.14,23.43,1.0,40.0,41.0,23.97,5.56,18.98,5.0,58.0,63.0
525,525,Mykquan Williams,15.0,0.0,1.0,,male,super light,9.32,27.87,21.82,11.0,68.0,79.0,35.46,4.88,27.93,4.0,89.0,93.0
526,526,Sherman Williams,42.0,15.0,2.0,,male,heavy,17.7,34.61,28.04,23.5,72.25,95.75,36.08,14.3,26.59,27.5,89.75,117.25
527,527,Terrel Williams,18.0,1.0,0.0,147.0,male,welter,23.96,35.61,31.28,52.0,130.5,182.5,33.74,14.69,25.44,42.0,125.0,167.0
528,528,Tramaine Williams,19.0,0.0,0.0,,male,super bantam,7.84,22.49,21.13,4.0,112.0,116.0,40.92,15.43,33.04,27.0,160.0,187.0
529,529,Derrick Wilson,12.0,8.0,2.0,,male,feather,42.76,44.78,43.73,62.0,60.0,122.0,43.23,11.11,32.2,9.0,67.0,76.0
530,530,Chazz Witherspoon,38.0,4.0,0.0,230.38,male,heavy,18.89,39.35,31.54,12.5,42.17,54.67,41.49,12.87,24.93,28.5,67.0,95.5
531,531,Stanley Wright,7.0,0.0,0.0,207.71,male,heavy,46.3,66.99,62.74,25.0,140.0,165.0,43.1,50.0,45.65,17.0,25.0,42.0
532,532,Ray Ximenez,18.0,2.0,0.0,,male,feather,6.08,19.81,14.08,9.0,41.0,50.0,34.0,6.08,23.62,9.0,85.0,94.0
533,533,Daniyar Yeleussinov,8.0,0.0,0.0,148.53,male,welter,12.09,19.74,15.57,11.0,15.0,26.0,33.47,11.36,21.61,31.0,79.0,110.0
534,534,Tony Yoka,7.0,0.0,0.0,249.61,male,heavy,17.02,40.18,31.11,24.0,88.0,112.0,32.88,34.25,33.56,25.0,24.0,49.0
535,535,Junior Younan,15.0,0.0,1.0,169.58,male,light heavy,10.53,23.51,22.06,1.33,23.67,25.0,28.85,9.04,20.05,5.0,20.0,25.0
536,536,Stephon Young,18.0,2.0,3.0,,male,bantam,14.29,27.91,23.61,21.67,92.0,113.67,36.28,16.53,28.65,26.67,93.0,119.67
537,537,Isaac Zarate,16.0,5.0,4.0,121.84,male,super bantam,9.24,28.63,21.85,19.5,112.5,132.0,40.06,17.73,34.65,19.5,138.0,157.5
538,538,Jose Zepeda,31.0,2.0,0.0,,male,super light,28.03,41.48,38.22,27.0,125.0,152.0,39.95,24.63,35.0,44.67,151.67,196.33
539,539,Alexey Zubov,17.0,2.0,0.0,200.25,male,cruiser,10.62,28.77,20.74,12.0,41.0,53.0,38.5,14.48,31.79,10.5,72.0,82.5
